CTFDictHeader	/Users/miranov25/alicesw/O2/Detectors/Base/include/DetectorsBase/CTFCoderBase.h	8
CTFDictHeader	/Users/miranov25/alicesw/O2/Detectors/EMCAL/reconstruction/include/EMCALReconstruction/CTFCoder.h	3
CTFDictHeader	/Users/miranov25/alicesw/O2/Detectors/FIT/FDD/reconstruction/include/FDDReconstruction/CTFCoder.h	3
CTFDictHeader	/Users/miranov25/alicesw/O2/Detectors/FIT/FT0/reconstruction/include/FT0Reconstruction/CTFCoder.h	3
CTFDictHeader	/Users/miranov25/alicesw/O2/Detectors/FIT/FV0/reconstruction/include/FV0Reconstruction/CTFCoder.h	3
CTFDictHeader	/Users/miranov25/alicesw/O2/Detectors/CPV/reconstruction/include/CPVReconstruction/CTFCoder.h	2
CTFDictHeader	/Users/miranov25/alicesw/O2/Detectors/CTP/reconstruction/include/CTPReconstruction/CTFCoder.h	2
CTFDictHeader	/Users/miranov25/alicesw/O2/Detectors/HMPID/reconstruction/include/HMPIDReconstruction/CTFCoder.h	2
CTFDictHeader	/Users/miranov25/alicesw/O2/Detectors/MUON/MCH/CTF/include/MCHCTF/CTFCoder.h	2
CTFDictHeader	/Users/miranov25/alicesw/O2/Detectors/MUON/MID/CTF/include/MIDCTF/CTFCoder.h	2
CTFHeader	/Users/miranov25/alicesw/O2/DataFormats/Detectors/FIT/FDD/include/DataFormatsFDD/CTF.h	4
CTFHeader	/Users/miranov25/alicesw/O2/DataFormats/Detectors/FIT/FT0/include/DataFormatsFT0/CTF.h	4
CTFHeader	/Users/miranov25/alicesw/O2/DataFormats/Detectors/FIT/FV0/include/DataFormatsFV0/CTF.h	4
CTFHeader	/Users/miranov25/alicesw/O2/DataFormats/Detectors/ITSMFT/common/include/DataFormatsITSMFT/CTF.h	4
CTFHeader	/Users/miranov25/alicesw/O2/DataFormats/Detectors/MUON/MCH/include/DataFormatsMCH/CTF.h	4
CTFHeader	/Users/miranov25/alicesw/O2/DataFormats/Detectors/TOF/include/DataFormatsTOF/CTF.h	4
CTFHeader	/Users/miranov25/alicesw/O2/DataFormats/Detectors/TPC/include/DataFormatsTPC/CTF.h	4
CTFHeader	/Users/miranov25/alicesw/O2/DataFormats/Detectors/CPV/include/DataFormatsCPV/CTF.h	3
CTFHeader	/Users/miranov25/alicesw/O2/DataFormats/Detectors/CTP/include/DataFormatsCTP/CTF.h	3
CTFHeader	/Users/miranov25/alicesw/O2/DataFormats/Detectors/EMCAL/include/DataFormatsEMCAL/CTF.h	3
CTFIOSize	/Users/miranov25/alicesw/O2/DataFormats/Detectors/Common/include/DetectorsCommonDataFormats/EncodedBlocks.h	30
CTFIOSize	/Users/miranov25/alicesw/O2/Detectors/ITSMFT/common/reconstruction/include/ITSMFTReconstruction/CTFCoder.h	10
CTFIOSize	/Users/miranov25/alicesw/O2/Detectors/CPV/reconstruction/include/CPVReconstruction/CTFCoder.h	8
CTFIOSize	/Users/miranov25/alicesw/O2/Detectors/CTP/reconstruction/include/CTPReconstruction/CTFCoder.h	8
CTFIOSize	/Users/miranov25/alicesw/O2/Detectors/EMCAL/reconstruction/include/EMCALReconstruction/CTFCoder.h	8
CTFIOSize	/Users/miranov25/alicesw/O2/Detectors/HMPID/reconstruction/include/HMPIDReconstruction/CTFCoder.h	8
CTFIOSize	/Users/miranov25/alicesw/O2/Detectors/MUON/MCH/CTF/include/MCHCTF/CTFCoder.h	8
CTFIOSize	/Users/miranov25/alicesw/O2/Detectors/PHOS/reconstruction/include/PHOSReconstruction/CTFCoder.h	8
CTFIOSize	/Users/miranov25/alicesw/O2/Detectors/TRD/reconstruction/include/TRDReconstruction/CTFCoder.h	8
CTFIOSize	/Users/miranov25/alicesw/O2/Detectors/ZDC/reconstruction/include/ZDCReconstruction/CTFCoder.h	8
Check	/Users/miranov25/alicesw/O2/Detectors/EMCAL/workflow/include/EMCALWorkflow/CalibLoader.h	17
Check	/Users/miranov25/alicesw/O2/DataFormats/Detectors/EMCAL/include/DataFormatsEMCAL/EventHandler.h	7
Check	/Users/miranov25/alicesw/O2/DataFormats/Detectors/PHOS/include/DataFormatsPHOS/EventHandler.h	7
Check	/Users/miranov25/alicesw/O2/DataFormats/Detectors/EMCAL/include/DataFormatsEMCAL/Cell.h	5
Check	/Users/miranov25/alicesw/O2/Detectors/EMCAL/base/include/EMCALBase/Geometry.h	5
Check	/Users/miranov25/alicesw/O2/Detectors/EMCAL/calib/include/EMCALCalib/CellRecalibrator.h	4
Check	/Users/miranov25/alicesw/O2/Detectors/EMCAL/reconstruction/include/EMCALReconstruction/TRUDataHandler.h	4
Check	/Users/miranov25/alicesw/O2/Detectors/FIT/raw/include/FITRaw/DigitBlockBase.h	4
Check	/Users/miranov25/alicesw/O2/Common/Utils/include/CommonUtils/EnumFlags.h	3
Check	/Users/miranov25/alicesw/O2/Detectors/EMCAL/calibration/include/EMCALCalibration/EMCALCalibExtractor.h	3
Close	/Users/miranov25/alicesw/O2/Common/Utils/include/CommonUtils/MemFileHelper.h	4
Close	/Users/miranov25/alicesw/O2/DataFormats/Parameters/src/GRPTool.cxx	4
Close	/Users/miranov25/alicesw/O2/Detectors/Calibration/include/DetectorsCalibration/TimeSlotCalibration.h	3
Close	/Users/miranov25/alicesw/O2/Detectors/EMCAL/simulation/include/EMCALSimulation/DigitizerTRU.h	3
Close	/Users/miranov25/alicesw/O2/CCDB/include/CCDB/CCDBDownloader.h	2
Close	/Users/miranov25/alicesw/O2/Common/Utils/include/CommonUtils/TreeStreamRedirector.h	2
Close	/Users/miranov25/alicesw/O2/DataFormats/Detectors/TOF/include/DataFormatsTOF/ParameterContainers.h	2
Close	/Users/miranov25/alicesw/O2/Detectors/GRP/workflows/src/create-aligned-geometry.cxx	2
Close	/Users/miranov25/alicesw/O2/Framework/AODMerger/src/aodMerger.cxx	2
Close	/Users/miranov25/alicesw/O2/Steer/DigitizerWorkflow/src/GRPUpdaterSpec.cxx	2
Close	/Users/miranov25/alicesw/O2/Common/Utils/include/CommonUtils/MemFileHelper.h	4
Close	/Users/miranov25/alicesw/O2/DataFormats/Parameters/src/GRPTool.cxx	4
Close	/Users/miranov25/alicesw/O2/Detectors/Calibration/include/DetectorsCalibration/TimeSlotCalibration.h	3
Close	/Users/miranov25/alicesw/O2/Detectors/EMCAL/simulation/include/EMCALSimulation/DigitizerTRU.h	3
Close	/Users/miranov25/alicesw/O2/CCDB/include/CCDB/CCDBDownloader.h	2
Close	/Users/miranov25/alicesw/O2/DataFormats/Detectors/TOF/include/DataFormatsTOF/ParameterContainers.h	2
Close	/Users/miranov25/alicesw/O2/Detectors/GRP/workflows/src/create-aligned-geometry.cxx	2
Close	/Users/miranov25/alicesw/O2/Framework/AODMerger/src/aodMerger.cxx	2
Close	/Users/miranov25/alicesw/O2/Steer/DigitizerWorkflow/src/GRPUpdaterSpec.cxx	2
Close	/Users/miranov25/alicesw/O2/Steer/DigitizerWorkflow/src/TPCDigitizerSpec.cxx	2
ConfigurableParam	/Users/miranov25/alicesw/O2/Common/Utils/include/CommonUtils/ConfigurableParamHelper.h	15
ConfigurableParam	/Users/miranov25/alicesw/O2/Steer/DigitizerWorkflow/src/SimpleDigitizerWorkflow.cxx	7
ConfigurableParam	/Users/miranov25/alicesw/O2/CCDB/include/CCDB/CcdbApi.h	6
ConfigurableParam	/Users/miranov25/alicesw/O2/Detectors/TPC/workflow/src/tpc-calib-pad-raw.cxx	3
ConfigurableParam	/Users/miranov25/alicesw/O2/Detectors/TPC/workflow/src/tpc-krypton-clusterer.cxx	3
ConfigurableParam	/Users/miranov25/alicesw/O2/Detectors/TPC/workflow/src/tpc-krypton-raw-filter.cxx	3
ConfigurableParam	/Users/miranov25/alicesw/O2/Detectors/TPC/workflow/src/tpc-raw-to-digits-workflow.cxx	3
ConfigurableParam	/Users/miranov25/alicesw/O2/Detectors/TPC/workflow/src/tpc-reco-workflow.cxx	3
ConfigurableParam	/Users/miranov25/alicesw/O2/GPU/Workflow/src/gpu-reco-workflow.cxx	3
ConfigurableParam	/Users/miranov25/alicesw/O2/Detectors/FIT/FDD/workflow/src/fdd-reco-workflow.cxx	2
ConfigurableParamHelper	/Users/miranov25/alicesw/O2/DataFormats/Detectors/FIT/FT0/include/DataFormatsFT0/DigitFilterParam.h	4
ConfigurableParamHelper	/Users/miranov25/alicesw/O2/Detectors/ITSMFT/ITS/tracking/include/ITStracking/TrackingConfigParam.h	4
ConfigurableParamHelper	/Users/miranov25/alicesw/O2/Common/Utils/include/CommonUtils/ConfigurableParam.h	3
ConfigurableParamHelper	/Users/miranov25/alicesw/O2/Common/SimConfig/include/SimConfig/DigiParams.h	2
ConfigurableParamHelper	/Users/miranov25/alicesw/O2/Common/SimConfig/include/SimConfig/InteractionDiamondParam.h	2
ConfigurableParamHelper	/Users/miranov25/alicesw/O2/Common/Utils/include/CommonUtils/DebugStreamer.h	2
ConfigurableParamHelper	/Users/miranov25/alicesw/O2/Common/Utils/include/CommonUtils/NameConf.h	2
ConfigurableParamHelper	/Users/miranov25/alicesw/O2/Common/Utils/include/CommonUtils/VerbosityConfig.h	2
ConfigurableParamHelper	/Users/miranov25/alicesw/O2/DataFormats/Detectors/CTP/include/DataFormatsCTP/TriggerOffsetsParam.h	2
ConfigurableParamHelper	/Users/miranov25/alicesw/O2/Detectors/CPV/base/include/CPVBase/CPVCalibParams.h	2
DetID	/Users/miranov25/alicesw/O2/DataFormats/Reconstruction/include/ReconstructionDataFormats/GlobalTrackID.h	129
DetID	/Users/miranov25/alicesw/O2/Detectors/Raw/TFReaderDD/src/TFReaderSpec.cxx	58
DetID	/Users/miranov25/alicesw/O2/Steer/DigitizerWorkflow/src/SimpleDigitizerWorkflow.cxx	45
DetID	/Users/miranov25/alicesw/O2/DataFormats/Parameters/include/DataFormatsParameters/GRPECSObject.h	41
DetID	/Users/miranov25/alicesw/O2/DataFormats/Parameters/include/DataFormatsParameters/GRPObject.h	29
DetID	/Users/miranov25/alicesw/O2/Detectors/CTF/workflow/src/ctf-reader-workflow.cxx	28
DetID	/Users/miranov25/alicesw/O2/DataFormats/Detectors/Common/include/DetectorsCommonDataFormats/SimTraits.h	22
DetID	/Users/miranov25/alicesw/O2/DataFormats/Detectors/FIT/common/include/DataFormatsFIT/LookUpTable.h	20
DetID	/Users/miranov25/alicesw/O2/Detectors/GRP/workflows/src/create-aligned-geometry.cxx	18
DetID	/Users/miranov25/alicesw/O2/Detectors/AOD/src/AODProducerWorkflowSpec.cxx	16
DetMatrixCache	/Users/miranov25/alicesw/O2/Detectors/Upgrades/ALICE3/TRK/base/include/TRKBase/GeometryTGeo.h	6
DetMatrixCache	/Users/miranov25/alicesw/O2/DataFormats/Reconstruction/include/ReconstructionDataFormats/BaseCluster.h	4
DetMatrixCache	/Users/miranov25/alicesw/O2/Detectors/ITSMFT/ITS/base/include/ITSBase/GeometryTGeo.h	4
DetMatrixCache	/Users/miranov25/alicesw/O2/Detectors/ITSMFT/common/base/include/ITSMFTBase/GeometryTGeo.h	4
DetMatrixCache	/Users/miranov25/alicesw/O2/Detectors/Upgrades/ALICE3/FCT/base/include/FCTBase/GeometryTGeo.h	4
DetMatrixCache	/Users/miranov25/alicesw/O2/Detectors/Upgrades/ALICE3/FT3/base/include/FT3Base/GeometryTGeo.h	4
DetMatrixCache	/Users/miranov25/alicesw/O2/Detectors/ITSMFT/MFT/base/include/MFTBase/GeometryTGeo.h	3
DetMatrixCache	/Users/miranov25/alicesw/O2/Detectors/Upgrades/ALICE3/ECal/base/include/ECalBase/GeometryTGeo.h	2
DetMatrixCache	/Users/miranov25/alicesw/O2/Detectors/Upgrades/ALICE3/FD3/base/include/FD3Base/GeometryTGeo.h	2
DetMatrixCache	/Users/miranov25/alicesw/O2/Detectors/Upgrades/ALICE3/IOTOF/base/include/IOTOFBase/GeometryTGeo.h	2
DigiParams	/Users/miranov25/alicesw/O2/Detectors/ITSMFT/common/simulation/include/ITSMFTSimulation/Digitizer.h	6
DigiParams	/Users/miranov25/alicesw/O2/Detectors/Upgrades/ALICE3/TRK/simulation/include/TRKSimulation/Digitizer.h	6
DigiParams	/Users/miranov25/alicesw/O2/Detectors/ITSMFT/common/simulation/include/ITSMFTSimulation/DigiParams.h	5
DigiParams	/Users/miranov25/alicesw/O2/Detectors/Upgrades/ALICE3/TRK/simulation/include/TRKSimulation/DigiParams.h	5
DigiParams	/Users/miranov25/alicesw/O2/Detectors/Upgrades/ITS3/simulation/include/ITS3Simulation/DigiParams.h	5
DigiParams	/Users/miranov25/alicesw/O2/Detectors/Upgrades/ITS3/simulation/include/ITS3Simulation/ChipDigitsContainer.h	4
DigiParams	/Users/miranov25/alicesw/O2/Detectors/Upgrades/ITS3/simulation/include/ITS3Simulation/Digitizer.h	4
DigiParams	/Users/miranov25/alicesw/O2/Steer/DigitizerWorkflow/src/SimpleDigitizerWorkflow.cxx	3
DigiParams	/Users/miranov25/alicesw/O2/Steer/DigitizerWorkflow/src/TOFDigitizerSpec.cxx	3
DigiParams	/Users/miranov25/alicesw/O2/Detectors/ITSMFT/common/simulation/include/ITSMFTSimulation/ChipDigitsContainer.h	2
EncodedBlocks	/Users/miranov25/alicesw/O2/DataFormats/Detectors/TPC/include/DataFormatsTPC/CTF.h	3
EncodedBlocks	/Users/miranov25/alicesw/O2/DataFormats/Detectors/CPV/include/DataFormatsCPV/CTF.h	2
EncodedBlocks	/Users/miranov25/alicesw/O2/DataFormats/Detectors/CTP/include/DataFormatsCTP/CTF.h	2
EncodedBlocks	/Users/miranov25/alicesw/O2/DataFormats/Detectors/EMCAL/include/DataFormatsEMCAL/CTF.h	2
EncodedBlocks	/Users/miranov25/alicesw/O2/DataFormats/Detectors/FIT/FDD/include/DataFormatsFDD/CTF.h	2
EncodedBlocks	/Users/miranov25/alicesw/O2/DataFormats/Detectors/FIT/FT0/include/DataFormatsFT0/CTF.h	2
EncodedBlocks	/Users/miranov25/alicesw/O2/DataFormats/Detectors/FIT/FV0/include/DataFormatsFV0/CTF.h	2
EncodedBlocks	/Users/miranov25/alicesw/O2/DataFormats/Detectors/HMPID/include/DataFormatsHMP/CTF.h	2
EncodedBlocks	/Users/miranov25/alicesw/O2/DataFormats/Detectors/ITSMFT/common/include/DataFormatsITSMFT/CTF.h	2
EncodedBlocks	/Users/miranov25/alicesw/O2/DataFormats/Detectors/MUON/MCH/include/DataFormatsMCH/CTF.h	2
Fill	/Users/miranov25/alicesw/O2/Framework/Utils/include/DPLUtils/RootTreeWriter.h	13
Fill	/Users/miranov25/alicesw/O2/Framework/Core/include/Framework/StepTHn.h	5
Fill	/Users/miranov25/alicesw/O2/Steer/DigitizerWorkflow/src/TPCDigitizerSpec.cxx	5
Fill	/Users/miranov25/alicesw/O2/Detectors/AOD/include/AODProducerWorkflow/AODMcProducerHelpers.h	4
Fill	/Users/miranov25/alicesw/O2/Detectors/Base/include/DetectorsBase/Detector.h	4
Fill	/Users/miranov25/alicesw/O2/Detectors/ITSMFT/common/reconstruction/include/ITSMFTReconstruction/RawPixelDecoder.h	3
Fill	/Users/miranov25/alicesw/O2/Framework/Core/include/Framework/HistogramRegistry.h	3
Fill	/Users/miranov25/alicesw/O2/DataFormats/Detectors/TPC/include/DataFormatsTPC/ClusterNativeHelper.h	2
Fill	/Users/miranov25/alicesw/O2/Detectors/AOD/src/AODProducerWorkflowSpec.cxx	2
Fill	/Users/miranov25/alicesw/O2/Detectors/Base/include/DetectorsBase/MaterialManager.h	2
GPUCommonMath	/Users/miranov25/alicesw/O2/Common/MathUtils/include/MathUtils/SMatrixGPU.h	18
GPUCommonMath	/Users/miranov25/alicesw/O2/Common/MathUtils/include/MathUtils/detail/trigonometric.h	14
GPUCommonMath	/Users/miranov25/alicesw/O2/Common/MathUtils/include/MathUtils/detail/basicMath.h	11
GPUCommonMath	/Users/miranov25/alicesw/O2/Common/MathUtils/include/MathUtils/BetheBlochAleph.h	5
GPUCommonMath	/Users/miranov25/alicesw/O2/Detectors/ITSMFT/ITS/tracking/include/ITStracking/TrackerTraits.h	4
GPUCommonMath	/Users/miranov25/alicesw/O2/Detectors/ITSMFT/ITS/tracking/include/ITStracking/VertexerTraits.h	3
GPUCommonMath	/Users/miranov25/alicesw/O2/Detectors/ITSMFT/ITS/tracking/include/ITStracking/IndexTableUtils.h	2
GPUCommonMath	/Users/miranov25/alicesw/O2/Detectors/ITSMFT/ITS/tracking/include/ITStracking/Tracklet.h	2
GPUCommonMath	/Users/miranov25/alicesw/O2/GPU/TPCFastTransformation/TPCFastTransform.h	2
GPUCommonMath	/Users/miranov25/alicesw/O2/GPU/Utils/GPUCommonBitSet.h	2
GPUdDefault	/Users/miranov25/alicesw/O2/Common/MathUtils/include/MathUtils/SMatrixGPU.h	6
GPUdDefault	/Users/miranov25/alicesw/O2/DataFormats/Detectors/TRD/include/DataFormatsTRD/Tracklet64.h	4
GPUdDefault	/Users/miranov25/alicesw/O2/DataFormats/Reconstruction/include/ReconstructionDataFormats/TrackParametrization.h	4
GPUdDefault	/Users/miranov25/alicesw/O2/GPU/Common/GPUCommonDefAPI.h	4
GPUdDefault	/Users/miranov25/alicesw/O2/GPU/Utils/GPUCommonBitSet.h	4
GPUdDefault	/Users/miranov25/alicesw/O2/DataFormats/Reconstruction/include/ReconstructionDataFormats/TrackLTIntegral.h	3
GPUdDefault	/Users/miranov25/alicesw/O2/DataFormats/Reconstruction/include/ReconstructionDataFormats/TrackTPCITS.h	3
GPUdDefault	/Users/miranov25/alicesw/O2/GPU/GPUTracking/TRDTracking/GPUTRDInterfaces.h	3
GPUdDefault	/Users/miranov25/alicesw/O2/Common/MathUtils/include/MathUtils/CartesianGPU.h	2
GPUdDefault	/Users/miranov25/alicesw/O2/DataFormats/Detectors/TPC/include/DataFormatsTPC/Digit.h	2
Instance	/Users/miranov25/alicesw/O2/Detectors/AOD/src/AODProducerWorkflowSpec.cxx	15
Instance	/Users/miranov25/alicesw/O2/Detectors/EMCAL/calibration/include/EMCALCalibration/EMCALCalibExtractor.h	15
Instance	/Users/miranov25/alicesw/O2/Steer/DigitizerWorkflow/src/ITSMFTDigitizerSpec.cxx	10
Instance	/Users/miranov25/alicesw/O2/Steer/DigitizerWorkflow/src/CPVDigitizerSpec.cxx	9
Instance	/Users/miranov25/alicesw/O2/Detectors/FIT/raw/include/FITRaw/DigitBlockFIT.h	8
Instance	/Users/miranov25/alicesw/O2/Steer/DigitizerWorkflow/src/PHOSDigitizerSpec.cxx	7
Instance	/Users/miranov25/alicesw/O2/DataFormats/simulation/include/SimulationDataFormat/O2DatabasePDG.h	6
Instance	/Users/miranov25/alicesw/O2/Steer/DigitizerWorkflow/src/SimpleDigitizerWorkflow.cxx	6
Instance	/Users/miranov25/alicesw/O2/run/o2sim_parallel.cxx	6
Instance	/Users/miranov25/alicesw/O2/Common/Utils/include/CommonUtils/ShmAllocator.h	4
Instance	/Users/miranov25/alicesw/O2/Detectors/AOD/src/AODProducerWorkflowSpec.cxx	15
Instance	/Users/miranov25/alicesw/O2/Detectors/EMCAL/calibration/include/EMCALCalibration/EMCALCalibExtractor.h	15
Instance	/Users/miranov25/alicesw/O2/Steer/DigitizerWorkflow/src/ITSMFTDigitizerSpec.cxx	10
Instance	/Users/miranov25/alicesw/O2/Steer/DigitizerWorkflow/src/CPVDigitizerSpec.cxx	9
Instance	/Users/miranov25/alicesw/O2/Detectors/FIT/raw/include/FITRaw/DigitBlockFIT.h	8
Instance	/Users/miranov25/alicesw/O2/Steer/DigitizerWorkflow/src/PHOSDigitizerSpec.cxx	7
Instance	/Users/miranov25/alicesw/O2/DataFormats/simulation/include/SimulationDataFormat/O2DatabasePDG.h	6
Instance	/Users/miranov25/alicesw/O2/Steer/DigitizerWorkflow/src/SimpleDigitizerWorkflow.cxx	6
Instance	/Users/miranov25/alicesw/O2/Common/Utils/include/CommonUtils/ShmAllocator.h	4
Instance	/Users/miranov25/alicesw/O2/Steer/DigitizerWorkflow/src/SimReaderSpec.cxx	4
Instance	/Users/miranov25/alicesw/O2/Detectors/AOD/src/AODProducerWorkflowSpec.cxx	15
Instance	/Users/miranov25/alicesw/O2/Detectors/EMCAL/calibration/include/EMCALCalibration/EMCALCalibExtractor.h	15
Instance	/Users/miranov25/alicesw/O2/Steer/DigitizerWorkflow/src/ITSMFTDigitizerSpec.cxx	10
Instance	/Users/miranov25/alicesw/O2/Steer/DigitizerWorkflow/src/CPVDigitizerSpec.cxx	9
Instance	/Users/miranov25/alicesw/O2/Detectors/Base/include/DetectorsBase/Detector.h	8
Instance	/Users/miranov25/alicesw/O2/Detectors/FIT/raw/include/FITRaw/DigitBlockFIT.h	8
Instance	/Users/miranov25/alicesw/O2/Steer/DigitizerWorkflow/src/PHOSDigitizerSpec.cxx	7
Instance	/Users/miranov25/alicesw/O2/Common/Utils/include/CommonUtils/ShmAllocator.h	6
Instance	/Users/miranov25/alicesw/O2/DataFormats/simulation/include/SimulationDataFormat/O2DatabasePDG.h	6
Instance	/Users/miranov25/alicesw/O2/Steer/DigitizerWorkflow/src/SimpleDigitizerWorkflow.cxx	6
Metadata	/Users/miranov25/alicesw/O2/DataFormats/Detectors/Common/include/DetectorsCommonDataFormats/EncodedBlocks.h	29
Metadata	/Users/miranov25/alicesw/O2/Framework/Core/include/Framework/ASoA.h	7
Metadata	/Users/miranov25/alicesw/O2/Detectors/CPV/reconstruction/include/CPVReconstruction/CTFCoder.h	2
Metadata	/Users/miranov25/alicesw/O2/Detectors/CTP/reconstruction/include/CTPReconstruction/CTFCoder.h	2
Metadata	/Users/miranov25/alicesw/O2/Detectors/EMCAL/reconstruction/include/EMCALReconstruction/CTFCoder.h	2
Metadata	/Users/miranov25/alicesw/O2/Detectors/FIT/FDD/reconstruction/include/FDDReconstruction/CTFCoder.h	2
Metadata	/Users/miranov25/alicesw/O2/Detectors/FIT/FT0/reconstruction/include/FT0Reconstruction/CTFCoder.h	2
Metadata	/Users/miranov25/alicesw/O2/Detectors/FIT/FV0/reconstruction/include/FV0Reconstruction/CTFCoder.h	2
Metadata	/Users/miranov25/alicesw/O2/Detectors/HMPID/reconstruction/include/HMPIDReconstruction/CTFCoder.h	2
Metadata	/Users/miranov25/alicesw/O2/Detectors/ITSMFT/common/reconstruction/include/ITSMFTReconstruction/CTFCoder.h	2
NameConf	/Users/miranov25/alicesw/O2/DataFormats/Parameters/src/GRPTool.cxx	8
NameConf	/Users/miranov25/alicesw/O2/Steer/DigitizerWorkflow/src/GRPUpdaterSpec.cxx	7
NameConf	/Users/miranov25/alicesw/O2/Detectors/Base/include/DetectorsBase/CTFCoderBase.h	4
NameConf	/Users/miranov25/alicesw/O2/Steer/DigitizerWorkflow/src/SimpleDigitizerWorkflow.cxx	4
NameConf	/Users/miranov25/alicesw/O2/Detectors/Calibration/workflow/CCDBPopulatorSpec.h	3
NameConf	/Users/miranov25/alicesw/O2/Detectors/GRP/workflows/src/create-aligned-geometry.cxx	3
NameConf	/Users/miranov25/alicesw/O2/CCDB/include/CCDB/BasicCCDBManager.h	2
NameConf	/Users/miranov25/alicesw/O2/DataFormats/Detectors/Common/include/DetectorsCommonDataFormats/DetectorNameConf.h	2
NameConf	/Users/miranov25/alicesw/O2/DataFormats/Detectors/FIT/common/include/DataFormatsFIT/LookUpTable.h	2
NameConf	/Users/miranov25/alicesw/O2/Detectors/CTP/simulation/include/CTPSimulation/Digitizer.h	2
Stack	/Users/miranov25/alicesw/O2/DataFormats/Headers/include/Headers/Stack.h	20
Stack	/Users/miranov25/alicesw/O2/Detectors/Base/include/DetectorsBase/Stack.h	18
Stack	/Users/miranov25/alicesw/O2/Framework/Core/include/Framework/MessageContext.h	4
Stack	/Users/miranov25/alicesw/O2/Framework/Core/include/Framework/Output.h	4
Stack	/Users/miranov25/alicesw/O2/Framework/Utils/include/DPLUtils/RootTreeReader.h	4
Stack	/Users/miranov25/alicesw/O2/Framework/Core/include/Framework/OutputRef.h	3
Stack	/Users/miranov25/alicesw/O2/Detectors/Raw/TFReaderDD/include/TFReaderDD/SubTimeFrameFileReader.h	2
Stack	/Users/miranov25/alicesw/O2/Detectors/Raw/TFReaderDD/src/TFReaderSpec.cxx	2
Stack	/Users/miranov25/alicesw/O2/Framework/Core/include/Framework/DataAllocator.h	2
Stack	/Users/miranov25/alicesw/O2/Framework/Core/include/Framework/DataDescriptorMatcher.h	2
Transform3D	/Users/miranov25/alicesw/O2/Detectors/MUON/MID/Base/include/MIDBase/GeometryTransformer.h	5
Transform3D	/Users/miranov25/alicesw/O2/DataFormats/Detectors/Common/include/DetectorsCommonDataFormats/DetMatrixCache.h	3
Transform3D	/Users/miranov25/alicesw/O2/GPU/Common/GPUCommonTransform3D.h	3
Transform3D	/Users/miranov25/alicesw/O2/Detectors/MUON/MCH/Simulation/include/MCHSimulation/DEDigitizer.h	2
Transform3D	/Users/miranov25/alicesw/O2/Detectors/ITSMFT/ITS/base/include/ITSBase/GeometryTGeo.h	1
Transform3D	/Users/miranov25/alicesw/O2/Detectors/ITSMFT/MFT/base/include/MFTBase/GeometryTGeo.h	1
Transform3D	/Users/miranov25/alicesw/O2/Detectors/MUON/MCH/Geometry/Transformer/include/MCHGeometryTransformer/Transformations.h	1
Transform3D	/Users/miranov25/alicesw/O2/Detectors/MUON/MCH/Simulation/include/MCHSimulation/Digitizer.h	1
Transform3D	/Users/miranov25/alicesw/O2/Detectors/TOF/base/include/TOFBase/Strip.h	1
Transform3D	/Users/miranov25/alicesw/O2/Detectors/Upgrades/ALICE3/FCT/base/include/FCTBase/GeometryTGeo.h	1
Transform3D	/Users/miranov25/alicesw/O2/Common/MathUtils/include/MathUtils/Cartesian.h	21
Transform3D	/Users/miranov25/alicesw/O2/Detectors/MUON/MID/Base/include/MIDBase/GeometryTransformer.h	4
Transform3D	/Users/miranov25/alicesw/O2/Detectors/TRD/base/include/TRDBase/GeometryFlat.h	2
Transform3D	/Users/miranov25/alicesw/O2/Detectors/MUON/MCH/Simulation/include/MCHSimulation/DEDigitizer.h	1
allocate	/Users/miranov25/alicesw/O2/Detectors/ITSMFT/ITS/tracking/include/ITStracking/ExternalAllocator.h	5
allocate	/Users/miranov25/alicesw/O2/GPU/GPUTracking/Base/GPUReconstruction.h	4
allocate	/Users/miranov25/alicesw/O2/DataFormats/Detectors/Common/include/DetectorsCommonDataFormats/EncodedBlocks.h	3
allocate	/Users/miranov25/alicesw/O2/DataFormats/MemoryResources/include/MemoryResources/MemoryResources.h	2
allocate	/Users/miranov25/alicesw/O2/Detectors/TRD/simulation/include/TRDSimulation/TrapConfig.h	2
allocate	/Users/miranov25/alicesw/O2/GPU/GPUTracking/Global/GPUChain.h	2
allocate	/Users/miranov25/alicesw/O2/GPU/Utils/FlatObject.h	2
allocate	/Users/miranov25/alicesw/O2/DataFormats/Headers/include/Headers/Stack.h	1
allocate	/Users/miranov25/alicesw/O2/Detectors/ITSMFT/ITS/tracking/GPU/ITStrackingGPU/Utils.h	1
allocate	/Users/miranov25/alicesw/O2/Detectors/ITSMFT/ITS/tracking/include/ITStracking/BoundedAllocator.h	1
allocate	/Users/miranov25/alicesw/O2/Detectors/ITSMFT/ITS/tracking/include/ITStracking/ExternalAllocator.h	5
allocate	/Users/miranov25/alicesw/O2/GPU/GPUTracking/Base/GPUReconstruction.h	4
allocate	/Users/miranov25/alicesw/O2/DataFormats/Detectors/Common/include/DetectorsCommonDataFormats/EncodedBlocks.h	3
allocate	/Users/miranov25/alicesw/O2/Common/Utils/include/CommonUtils/ShmAllocator.h	2
allocate	/Users/miranov25/alicesw/O2/DataFormats/MemoryResources/include/MemoryResources/MemoryResources.h	2
allocate	/Users/miranov25/alicesw/O2/Detectors/TRD/simulation/include/TRDSimulation/TrapConfig.h	2
allocate	/Users/miranov25/alicesw/O2/GPU/GPUTracking/Global/GPUChain.h	2
allocate	/Users/miranov25/alicesw/O2/GPU/Utils/FlatObject.h	2
allocate	/Users/miranov25/alicesw/O2/DataFormats/Headers/include/Headers/Stack.h	1
allocate	/Users/miranov25/alicesw/O2/Detectors/ITSMFT/ITS/tracking/GPU/ITStrackingGPU/Utils.h	1
asString	/Users/miranov25/alicesw/O2/Detectors/AOD/src/AODProducerWorkflowSpec.cxx	8
asString	/Users/miranov25/alicesw/O2/DataFormats/Reconstruction/include/ReconstructionDataFormats/Vertex.h	5
asString	/Users/miranov25/alicesw/O2/Detectors/Base/include/DetectorsBase/CTFCoderBase.h	3
asString	/Users/miranov25/alicesw/O2/Detectors/ITSMFT/ITS/tracking/include/ITStracking/Configuration.h	3
asString	/Users/miranov25/alicesw/O2/DataFormats/Detectors/ITSMFT/common/include/DataFormatsITSMFT/CompCluster.h	2
asString	/Users/miranov25/alicesw/O2/DataFormats/Detectors/ITSMFT/common/include/DataFormatsITSMFT/ROFRecord.h	2
asString	/Users/miranov25/alicesw/O2/DataFormats/Detectors/MUON/MID/include/DataFormatsMID/ROFRecord.h	2
asString	/Users/miranov25/alicesw/O2/DataFormats/common/include/CommonDataFormat/InteractionRecord.h	2
asString	/Users/miranov25/alicesw/O2/Detectors/ITSMFT/common/reconstruction/include/ITSMFTReconstruction/RUInfo.h	2
asString	/Users/miranov25/alicesw/O2/Detectors/MUON/MCH/Calibration/src/pedestal-decoding-workflow.cxx	2
asString	/Users/miranov25/alicesw/O2/Detectors/AOD/src/AODProducerWorkflowSpec.cxx	8
asString	/Users/miranov25/alicesw/O2/DataFormats/Reconstruction/include/ReconstructionDataFormats/Vertex.h	5
asString	/Users/miranov25/alicesw/O2/Detectors/Base/include/DetectorsBase/CTFCoderBase.h	3
asString	/Users/miranov25/alicesw/O2/Detectors/ITSMFT/ITS/tracking/include/ITStracking/Configuration.h	3
asString	/Users/miranov25/alicesw/O2/Common/MathUtils/include/MathUtils/detail/Bracket.h	2
asString	/Users/miranov25/alicesw/O2/DataFormats/Detectors/ITSMFT/common/include/DataFormatsITSMFT/CompCluster.h	2
asString	/Users/miranov25/alicesw/O2/DataFormats/Detectors/ITSMFT/common/include/DataFormatsITSMFT/ROFRecord.h	2
asString	/Users/miranov25/alicesw/O2/DataFormats/Detectors/MUON/MID/include/DataFormatsMID/ROFRecord.h	2
asString	/Users/miranov25/alicesw/O2/DataFormats/common/include/CommonDataFormat/InteractionRecord.h	2
asString	/Users/miranov25/alicesw/O2/Detectors/ITSMFT/common/reconstruction/include/ITSMFTReconstruction/RUInfo.h	2
asString	/Users/miranov25/alicesw/O2/Detectors/AOD/src/AODProducerWorkflowSpec.cxx	8
asString	/Users/miranov25/alicesw/O2/DataFormats/Reconstruction/include/ReconstructionDataFormats/Vertex.h	5
asString	/Users/miranov25/alicesw/O2/Detectors/Base/include/DetectorsBase/CTFCoderBase.h	3
asString	/Users/miranov25/alicesw/O2/Detectors/ITSMFT/ITS/tracking/include/ITStracking/Configuration.h	3
asString	/Users/miranov25/alicesw/O2/Common/MathUtils/include/MathUtils/detail/Bracket.h	2
asString	/Users/miranov25/alicesw/O2/DataFormats/Detectors/ITSMFT/common/include/DataFormatsITSMFT/CompCluster.h	2
asString	/Users/miranov25/alicesw/O2/DataFormats/Detectors/ITSMFT/common/include/DataFormatsITSMFT/ROFRecord.h	2
asString	/Users/miranov25/alicesw/O2/DataFormats/Detectors/MUON/MID/include/DataFormatsMID/ROFRecord.h	2
asString	/Users/miranov25/alicesw/O2/DataFormats/common/include/CommonDataFormat/InteractionRecord.h	2
asString	/Users/miranov25/alicesw/O2/Detectors/ITSMFT/common/reconstruction/include/ITSMFTReconstruction/RUInfo.h	2
asString	/Users/miranov25/alicesw/O2/Detectors/AOD/src/AODProducerWorkflowSpec.cxx	8
asString	/Users/miranov25/alicesw/O2/DataFormats/Reconstruction/include/ReconstructionDataFormats/Vertex.h	5
asString	/Users/miranov25/alicesw/O2/Detectors/Base/include/DetectorsBase/CTFCoderBase.h	3
asString	/Users/miranov25/alicesw/O2/Detectors/ITSMFT/ITS/tracking/include/ITStracking/Configuration.h	3
asString	/Users/miranov25/alicesw/O2/Common/MathUtils/include/MathUtils/detail/Bracket.h	2
asString	/Users/miranov25/alicesw/O2/DataFormats/Detectors/ITSMFT/common/include/DataFormatsITSMFT/CompCluster.h	2
asString	/Users/miranov25/alicesw/O2/DataFormats/Detectors/ITSMFT/common/include/DataFormatsITSMFT/ROFRecord.h	2
asString	/Users/miranov25/alicesw/O2/DataFormats/Detectors/MUON/MID/include/DataFormatsMID/ROFRecord.h	2
asString	/Users/miranov25/alicesw/O2/DataFormats/common/include/CommonDataFormat/InteractionRecord.h	2
asString	/Users/miranov25/alicesw/O2/Detectors/ITSMFT/common/reconstruction/include/ITSMFTReconstruction/RUInfo.h	2
asString	/Users/miranov25/alicesw/O2/Detectors/AOD/src/AODProducerWorkflowSpec.cxx	8
asString	/Users/miranov25/alicesw/O2/DataFormats/Reconstruction/include/ReconstructionDataFormats/Vertex.h	5
asString	/Users/miranov25/alicesw/O2/Detectors/Base/include/DetectorsBase/CTFCoderBase.h	3
asString	/Users/miranov25/alicesw/O2/Detectors/ITSMFT/ITS/tracking/include/ITStracking/Configuration.h	3
asString	/Users/miranov25/alicesw/O2/Common/MathUtils/include/MathUtils/detail/Bracket.h	2
asString	/Users/miranov25/alicesw/O2/DataFormats/Detectors/ITSMFT/common/include/DataFormatsITSMFT/CompCluster.h	2
asString	/Users/miranov25/alicesw/O2/DataFormats/Detectors/ITSMFT/common/include/DataFormatsITSMFT/ROFRecord.h	2
asString	/Users/miranov25/alicesw/O2/DataFormats/Detectors/MUON/MID/include/DataFormatsMID/ROFRecord.h	2
asString	/Users/miranov25/alicesw/O2/DataFormats/common/include/CommonDataFormat/InteractionRecord.h	2
asString	/Users/miranov25/alicesw/O2/Detectors/ITSMFT/common/reconstruction/include/ITSMFTReconstruction/RUInfo.h	2
bit2Mask	/Users/miranov25/alicesw/O2/DataFormats/Detectors/Common/include/DetectorsCommonDataFormats/DetID.h	27
bit2Mask	/Users/miranov25/alicesw/O2/DataFormats/Reconstruction/include/ReconstructionDataFormats/GlobalTrackID.h	27
bit2Mask	/Users/miranov25/alicesw/O2/DataFormats/Detectors/Common/include/DetectorsCommonDataFormats/DetMatrixCache.h	2
bit2Mask	/Users/miranov25/alicesw/O2/Detectors/GRP/workflows/src/create-aligned-geometry.cxx	2
bit2Mask	/Users/miranov25/alicesw/O2/Common/MathUtils/include/MathUtils/Utils.h	1
bit2Mask	/Users/miranov25/alicesw/O2/Detectors/ITSMFT/MFT/base/include/MFTBase/GeometryTGeo.h	1
bit2Mask	/Users/miranov25/alicesw/O2/Detectors/Upgrades/ALICE3/FCT/base/include/FCTBase/GeometryTGeo.h	1
bit2Mask	/Users/miranov25/alicesw/O2/Detectors/Upgrades/ALICE3/FT3/base/include/FT3Base/GeometryTGeo.h	1
bit2Mask	/Users/miranov25/alicesw/O2/Steer/DigitizerWorkflow/src/ITSMFTDigitizerSpec.cxx	1
bringTo02PiGen	/Users/miranov25/alicesw/O2/Common/MathUtils/include/MathUtils/detail/trigonometric.h	1
bringTo02PiGen	/Users/miranov25/alicesw/O2/Common/MathUtils/include/MathUtils/Utils.h	3
bringToPMPiGen	/Users/miranov25/alicesw/O2/Common/MathUtils/include/MathUtils/detail/trigonometric.h	1
bringToPMPiGen	/Users/miranov25/alicesw/O2/Common/MathUtils/include/MathUtils/Utils.h	3
check	/Users/miranov25/alicesw/O2/Algorithm/include/Algorithm/Parser.h	15
check	/Users/miranov25/alicesw/O2/Detectors/AOD/src/AODProducerWorkflowSpec.cxx	15
check	/Users/miranov25/alicesw/O2/Detectors/ITSMFT/common/reconstruction/include/ITSMFTReconstruction/GBTWord.h	15
check	/Users/miranov25/alicesw/O2/Detectors/Calibration/include/DetectorsCalibration/IntegratedClusterCalibrator.h	12
check	/Users/miranov25/alicesw/O2/Detectors/Calibration/include/DetectorsCalibration/TimeSlotCalibration.h	12
check	/Users/miranov25/alicesw/O2/Detectors/EMCAL/base/include/EMCALBase/Geometry.h	11
check	/Users/miranov25/alicesw/O2/Framework/Utils/include/DPLUtils/MakeRootTreeWriterSpec.h	11
check	/Users/miranov25/alicesw/O2/Detectors/TPC/reconstruction/include/TPCReconstruction/RawReaderCRU.h	10
check	/Users/miranov25/alicesw/O2/DataFormats/simulation/include/SimulationDataFormat/MCCompLabel.h	8
check	/Users/miranov25/alicesw/O2/Framework/Core/include/Framework/AnalysisDataModel.h	8
clear	/Users/miranov25/alicesw/O2/Detectors/AOD/src/AODProducerWorkflowSpec.cxx	41
clear	/Users/miranov25/alicesw/O2/DataFormats/Detectors/Common/include/DetectorsCommonDataFormats/EncodedBlocks.h	16
clear	/Users/miranov25/alicesw/O2/CCDB/include/CCDB/BasicCCDBManager.h	10
clear	/Users/miranov25/alicesw/O2/DataFormats/simulation/include/SimulationDataFormat/MCTruthContainer.h	10
clear	/Users/miranov25/alicesw/O2/Detectors/Base/include/DetectorsBase/Detector.h	7
clear	/Users/miranov25/alicesw/O2/Detectors/ITSMFT/MFT/tracking/include/MFTTracking/ROframe.h	7
clear	/Users/miranov25/alicesw/O2/Detectors/AOD/include/AODProducerWorkflow/AODProducerWorkflowSpec.h	6
clear	/Users/miranov25/alicesw/O2/Detectors/FIT/workflow/include/FITWorkflow/RawReaderFIT.h	6
clear	/Users/miranov25/alicesw/O2/Detectors/ITSMFT/common/reconstruction/include/ITSMFTReconstruction/CTFCoder.h	6
clear	/Users/miranov25/alicesw/O2/Detectors/ITSMFT/common/reconstruction/include/ITSMFTReconstruction/RUDecodeData.h	6
clear	/Users/miranov25/alicesw/O2/Detectors/AOD/src/AODProducerWorkflowSpec.cxx	41
clear	/Users/miranov25/alicesw/O2/DataFormats/Detectors/Common/include/DetectorsCommonDataFormats/EncodedBlocks.h	16
clear	/Users/miranov25/alicesw/O2/CCDB/include/CCDB/BasicCCDBManager.h	10
clear	/Users/miranov25/alicesw/O2/DataFormats/simulation/include/SimulationDataFormat/MCTruthContainer.h	10
clear	/Users/miranov25/alicesw/O2/Detectors/Base/include/DetectorsBase/Detector.h	7
clear	/Users/miranov25/alicesw/O2/Detectors/ITSMFT/MFT/tracking/include/MFTTracking/ROframe.h	7
clear	/Users/miranov25/alicesw/O2/Detectors/AOD/include/AODProducerWorkflow/AODProducerWorkflowSpec.h	6
clear	/Users/miranov25/alicesw/O2/Detectors/FIT/workflow/include/FITWorkflow/RawReaderFIT.h	6
clear	/Users/miranov25/alicesw/O2/Detectors/ITSMFT/common/reconstruction/include/ITSMFTReconstruction/CTFCoder.h	6
clear	/Users/miranov25/alicesw/O2/Detectors/ITSMFT/common/reconstruction/include/ITSMFTReconstruction/RUDecodeData.h	6
clear	/Users/miranov25/alicesw/O2/Detectors/AOD/src/AODProducerWorkflowSpec.cxx	41
clear	/Users/miranov25/alicesw/O2/DataFormats/Detectors/Common/include/DetectorsCommonDataFormats/EncodedBlocks.h	16
clear	/Users/miranov25/alicesw/O2/CCDB/include/CCDB/BasicCCDBManager.h	10
clear	/Users/miranov25/alicesw/O2/DataFormats/simulation/include/SimulationDataFormat/MCTruthContainer.h	10
clear	/Users/miranov25/alicesw/O2/Detectors/Base/include/DetectorsBase/Detector.h	7
clear	/Users/miranov25/alicesw/O2/Detectors/ITSMFT/MFT/tracking/include/MFTTracking/ROframe.h	7
clear	/Users/miranov25/alicesw/O2/Detectors/AOD/include/AODProducerWorkflow/AODProducerWorkflowSpec.h	6
clear	/Users/miranov25/alicesw/O2/Detectors/FIT/workflow/include/FITWorkflow/RawReaderFIT.h	6
clear	/Users/miranov25/alicesw/O2/Detectors/ITSMFT/common/reconstruction/include/ITSMFTReconstruction/CTFCoder.h	6
clear	/Users/miranov25/alicesw/O2/Detectors/ITSMFT/common/reconstruction/include/ITSMFTReconstruction/RUDecodeData.h	6
clear	/Users/miranov25/alicesw/O2/Detectors/AOD/src/AODProducerWorkflowSpec.cxx	41
clear	/Users/miranov25/alicesw/O2/DataFormats/Detectors/Common/include/DetectorsCommonDataFormats/EncodedBlocks.h	16
clear	/Users/miranov25/alicesw/O2/CCDB/include/CCDB/BasicCCDBManager.h	10
clear	/Users/miranov25/alicesw/O2/DataFormats/simulation/include/SimulationDataFormat/MCTruthContainer.h	10
clear	/Users/miranov25/alicesw/O2/Detectors/Base/include/DetectorsBase/Detector.h	7
clear	/Users/miranov25/alicesw/O2/Detectors/ITSMFT/MFT/tracking/include/MFTTracking/ROframe.h	7
clear	/Users/miranov25/alicesw/O2/Detectors/AOD/include/AODProducerWorkflow/AODProducerWorkflowSpec.h	6
clear	/Users/miranov25/alicesw/O2/Detectors/FIT/workflow/include/FITWorkflow/RawReaderFIT.h	6
clear	/Users/miranov25/alicesw/O2/Detectors/ITSMFT/common/reconstruction/include/ITSMFTReconstruction/CTFCoder.h	6
clear	/Users/miranov25/alicesw/O2/Detectors/ITSMFT/common/reconstruction/include/ITSMFTReconstruction/RUDecodeData.h	6
clear	/Users/miranov25/alicesw/O2/Detectors/AOD/src/AODProducerWorkflowSpec.cxx	41
clear	/Users/miranov25/alicesw/O2/DataFormats/Detectors/Common/include/DetectorsCommonDataFormats/EncodedBlocks.h	16
clear	/Users/miranov25/alicesw/O2/CCDB/include/CCDB/BasicCCDBManager.h	10
clear	/Users/miranov25/alicesw/O2/DataFormats/simulation/include/SimulationDataFormat/MCTruthContainer.h	10
clear	/Users/miranov25/alicesw/O2/Detectors/Base/include/DetectorsBase/Detector.h	7
clear	/Users/miranov25/alicesw/O2/Detectors/ITSMFT/MFT/tracking/include/MFTTracking/ROframe.h	7
clear	/Users/miranov25/alicesw/O2/Detectors/AOD/include/AODProducerWorkflow/AODProducerWorkflowSpec.h	6
clear	/Users/miranov25/alicesw/O2/Detectors/FIT/workflow/include/FITWorkflow/RawReaderFIT.h	6
clear	/Users/miranov25/alicesw/O2/Detectors/ITSMFT/common/reconstruction/include/ITSMFTReconstruction/CTFCoder.h	6
clear	/Users/miranov25/alicesw/O2/Detectors/ITSMFT/common/reconstruction/include/ITSMFTReconstruction/RUDecodeData.h	6
clear	/Users/miranov25/alicesw/O2/Detectors/AOD/src/AODProducerWorkflowSpec.cxx	41
clear	/Users/miranov25/alicesw/O2/CCDB/include/CCDB/BasicCCDBManager.h	10
clear	/Users/miranov25/alicesw/O2/DataFormats/simulation/include/SimulationDataFormat/MCTruthContainer.h	10
clear	/Users/miranov25/alicesw/O2/Detectors/Base/include/DetectorsBase/Detector.h	7
clear	/Users/miranov25/alicesw/O2/Detectors/ITSMFT/MFT/tracking/include/MFTTracking/ROframe.h	7
clear	/Users/miranov25/alicesw/O2/Detectors/AOD/include/AODProducerWorkflow/AODProducerWorkflowSpec.h	6
clear	/Users/miranov25/alicesw/O2/Detectors/FIT/workflow/include/FITWorkflow/RawReaderFIT.h	6
clear	/Users/miranov25/alicesw/O2/Detectors/ITSMFT/common/reconstruction/include/ITSMFTReconstruction/CTFCoder.h	6
clear	/Users/miranov25/alicesw/O2/Detectors/ITSMFT/common/reconstruction/include/ITSMFTReconstruction/RUDecodeData.h	6
clear	/Users/miranov25/alicesw/O2/Detectors/TOF/base/include/TOFBase/EventTimeMaker.h	6
clear	/Users/miranov25/alicesw/O2/Detectors/AOD/src/AODProducerWorkflowSpec.cxx	41
clear	/Users/miranov25/alicesw/O2/DataFormats/Detectors/Common/include/DetectorsCommonDataFormats/EncodedBlocks.h	16
clear	/Users/miranov25/alicesw/O2/CCDB/include/CCDB/BasicCCDBManager.h	10
clear	/Users/miranov25/alicesw/O2/DataFormats/simulation/include/SimulationDataFormat/MCTruthContainer.h	10
clear	/Users/miranov25/alicesw/O2/Detectors/Base/include/DetectorsBase/Detector.h	7
clear	/Users/miranov25/alicesw/O2/Detectors/ITSMFT/MFT/tracking/include/MFTTracking/ROframe.h	7
clear	/Users/miranov25/alicesw/O2/Detectors/AOD/include/AODProducerWorkflow/AODProducerWorkflowSpec.h	6
clear	/Users/miranov25/alicesw/O2/Detectors/FIT/workflow/include/FITWorkflow/RawReaderFIT.h	6
clear	/Users/miranov25/alicesw/O2/Detectors/ITSMFT/common/reconstruction/include/ITSMFTReconstruction/CTFCoder.h	6
clear	/Users/miranov25/alicesw/O2/Detectors/ITSMFT/common/reconstruction/include/ITSMFTReconstruction/RUDecodeData.h	6
contains	/Users/miranov25/alicesw/O2/Detectors/TPC/reconstruction/include/TPCReconstruction/GBTFrame.h	12
contains	/Users/miranov25/alicesw/O2/Detectors/TPC/reconstruction/include/TPCReconstruction/GBTFrameContainer.h	4
contains	/Users/miranov25/alicesw/O2/Detectors/TPC/spacecharge/include/TPCSpaceCharge/SpaceCharge.h	4
contains	/Users/miranov25/alicesw/O2/Detectors/EMCAL/reconstruction/include/EMCALReconstruction/Channel.h	3
contains	/Users/miranov25/alicesw/O2/Detectors/MUON/MCH/Status/include/MCHStatus/StatusMap.h	3
contains	/Users/miranov25/alicesw/O2/GPU/TPCFastTransformation/TPCFastTransformGeo.h	3
contains	/Users/miranov25/alicesw/O2/Common/Utils/include/CommonUtils/EnumFlags.h	2
contains	/Users/miranov25/alicesw/O2/Detectors/DCS/include/DetectorsDCS/StringUtils.h	2
contains	/Users/miranov25/alicesw/O2/Framework/Core/include/Framework/DataSpecUtils.h	2
contains	/Users/miranov25/alicesw/O2/Framework/Utils/include/DPLUtils/MakeRootTreeWriterSpec.h	2
contains	/Users/miranov25/alicesw/O2/Detectors/TPC/reconstruction/include/TPCReconstruction/GBTFrame.h	12
contains	/Users/miranov25/alicesw/O2/Detectors/TPC/reconstruction/include/TPCReconstruction/GBTFrameContainer.h	4
contains	/Users/miranov25/alicesw/O2/Detectors/TPC/spacecharge/include/TPCSpaceCharge/SpaceCharge.h	4
contains	/Users/miranov25/alicesw/O2/Detectors/EMCAL/reconstruction/include/EMCALReconstruction/Channel.h	3
contains	/Users/miranov25/alicesw/O2/Detectors/MUON/MCH/Status/include/MCHStatus/StatusMap.h	3
contains	/Users/miranov25/alicesw/O2/GPU/TPCFastTransformation/TPCFastTransformGeo.h	3
contains	/Users/miranov25/alicesw/O2/Detectors/DCS/include/DetectorsDCS/StringUtils.h	2
contains	/Users/miranov25/alicesw/O2/Framework/Core/include/Framework/DataSpecUtils.h	2
contains	/Users/miranov25/alicesw/O2/Framework/Utils/include/DPLUtils/MakeRootTreeWriterSpec.h	2
contains	/Users/miranov25/alicesw/O2/GPU/GPUTracking/Global/GPUErrorCodes.h	2
count	/Users/miranov25/alicesw/O2/GPU/GPUTracking/utils/qconfig.h	21
count	/Users/miranov25/alicesw/O2/Detectors/AOD/src/AODProducerWorkflowSpec.cxx	17
count	/Users/miranov25/alicesw/O2/Detectors/FIT/raw/include/FITRaw/DataBlockBase.h	17
count	/Users/miranov25/alicesw/O2/Detectors/ITSMFT/MFT/tracking/include/MFTTracking/Tracker.h	10
count	/Users/miranov25/alicesw/O2/Detectors/Raw/TFReaderDD/src/TFReaderSpec.cxx	9
count	/Users/miranov25/alicesw/O2/Steer/src/CollisionContextTool.cxx	8
count	/Users/miranov25/alicesw/O2/DataFormats/Headers/include/Headers/RAWDataHeader.h	7
count	/Users/miranov25/alicesw/O2/DataFormats/Parameters/src/GRPTool.cxx	7
count	/Users/miranov25/alicesw/O2/Detectors/TRD/reconstruction/include/TRDReconstruction/EventRecord.h	6
count	/Users/miranov25/alicesw/O2/Framework/Core/include/Framework/GroupSlicer.h	6
create	/Users/miranov25/alicesw/O2/Framework/Core/include/Framework/Expressions.h	8
create	/Users/miranov25/alicesw/O2/Detectors/GRP/workflows/src/create-aligned-geometry.cxx	6
create	/Users/miranov25/alicesw/O2/Common/Utils/include/CommonUtils/MemFileHelper.h	5
create	/Users/miranov25/alicesw/O2/Framework/Utils/include/DPLUtils/RawParser.h	5
create	/Users/miranov25/alicesw/O2/DataFormats/Parameters/src/GRPTool.cxx	4
create	/Users/miranov25/alicesw/O2/Framework/Core/include/Framework/MessageContext.h	4
create	/Users/miranov25/alicesw/O2/Framework/Core/include/Framework/WorkflowSpec.h	4
create	/Users/miranov25/alicesw/O2/Framework/Utils/include/DPLUtils/RootTreeWriter.h	4
create	/Users/miranov25/alicesw/O2/Steer/src/CollisionContextTool.cxx	4
create	/Users/miranov25/alicesw/O2/Detectors/TPC/calibration/include/TPCCalibration/CalibPedestal.h	3
deallocate	/Users/miranov25/alicesw/O2/DataFormats/MemoryResources/include/MemoryResources/MemoryResources.h	2
deallocate	/Users/miranov25/alicesw/O2/Detectors/ITSMFT/ITS/tracking/GPU/ITStrackingGPU/Utils.h	2
deallocate	/Users/miranov25/alicesw/O2/Detectors/ITSMFT/ITS/tracking/include/ITStracking/ExternalAllocator.h	2
deallocate	/Users/miranov25/alicesw/O2/DataFormats/Headers/include/Headers/Stack.h	1
deallocate	/Users/miranov25/alicesw/O2/Detectors/ITSMFT/ITS/tracking/include/ITStracking/BoundedAllocator.h	1
deallocate	/Users/miranov25/alicesw/O2/Framework/Core/include/Framework/MessageContext.h	1
deallocate	/Users/miranov25/alicesw/O2/GPU/Common/GPUCommonHelpers.h	1
deallocate	/Users/miranov25/alicesw/O2/Common/Utils/include/CommonUtils/ShmAllocator.h	2
deallocate	/Users/miranov25/alicesw/O2/DataFormats/MemoryResources/include/MemoryResources/MemoryResources.h	2
deallocate	/Users/miranov25/alicesw/O2/Detectors/ITSMFT/ITS/tracking/GPU/ITStrackingGPU/Utils.h	2
deallocate	/Users/miranov25/alicesw/O2/Detectors/ITSMFT/ITS/tracking/include/ITStracking/ExternalAllocator.h	2
deallocate	/Users/miranov25/alicesw/O2/DataFormats/Headers/include/Headers/Stack.h	1
deallocate	/Users/miranov25/alicesw/O2/Detectors/ITSMFT/ITS/tracking/include/ITStracking/BoundedAllocator.h	1
deallocate	/Users/miranov25/alicesw/O2/Framework/Core/include/Framework/MessageContext.h	1
decode	/Users/miranov25/alicesw/O2/Detectors/TPC/reconstruction/include/TPCReconstruction/CTFCoder.h	11
decode	/Users/miranov25/alicesw/O2/Detectors/ITSMFT/common/reconstruction/include/ITSMFTReconstruction/CTFCoder.h	8
decode	/Users/miranov25/alicesw/O2/Detectors/Base/include/DetectorsBase/Detector.h	5
decode	/Users/miranov25/alicesw/O2/Detectors/CPV/reconstruction/include/CPVReconstruction/CTFCoder.h	5
decode	/Users/miranov25/alicesw/O2/Detectors/CTP/reconstruction/include/CTPReconstruction/CTFCoder.h	5
decode	/Users/miranov25/alicesw/O2/Detectors/EMCAL/reconstruction/include/EMCALReconstruction/CTFCoder.h	5
decode	/Users/miranov25/alicesw/O2/Detectors/FIT/FDD/reconstruction/include/FDDReconstruction/CTFCoder.h	5
decode	/Users/miranov25/alicesw/O2/Detectors/FIT/FT0/reconstruction/include/FT0Reconstruction/CTFCoder.h	5
decode	/Users/miranov25/alicesw/O2/Detectors/FIT/FV0/reconstruction/include/FV0Reconstruction/CTFCoder.h	5
decode	/Users/miranov25/alicesw/O2/Detectors/HMPID/reconstruction/include/HMPIDReconstruction/CTFCoder.h	5
delta	/Users/miranov25/alicesw/O2/Detectors/TPC/spacecharge/include/TPCSpaceCharge/SpaceCharge.h	33
delta	/Users/miranov25/alicesw/O2/Detectors/ITSMFT/ITS/tracking/GPU/ITStrackingGPU/Utils.h	14
delta	/Users/miranov25/alicesw/O2/Detectors/TPC/spacecharge/include/TPCSpaceCharge/RegularGrid3D.h	13
delta	/Users/miranov25/alicesw/O2/DataFormats/simulation/include/SimulationDataFormat/IOMCTruthContainerView.h	12
delta	/Users/miranov25/alicesw/O2/Framework/Core/include/Framework/AnalysisDataModel.h	11
delta	/Users/miranov25/alicesw/O2/DataFormats/Reconstruction/include/ReconstructionDataFormats/TrackParametrization.h	9
delta	/Users/miranov25/alicesw/O2/DataFormats/Reconstruction/include/ReconstructionDataFormats/TrackParametrizationWithError.h	9
delta	/Users/miranov25/alicesw/O2/Detectors/ITSMFT/ITS/tracking/include/ITStracking/TimeFrame.h	9
delta	/Users/miranov25/alicesw/O2/Utilities/rANS/include/rANS/internal/pack/DictionaryStreamReader.h	5
delta	/Users/miranov25/alicesw/O2/DataFormats/Detectors/Common/include/DetectorsCommonDataFormats/EncodedBlocks.h	3
describe	/Users/miranov25/alicesw/O2/Detectors/ITSMFT/common/reconstruction/include/ITSMFTReconstruction/GBTLink.h	5
describe	/Users/miranov25/alicesw/O2/Framework/Core/include/Framework/DataSpecUtils.h	5
describe	/Users/miranov25/alicesw/O2/Framework/Core/include/Framework/InputRecord.h	4
describe	/Users/miranov25/alicesw/O2/Detectors/Raw/TFReaderDD/src/TFReaderSpec.cxx	2
describe	/Users/miranov25/alicesw/O2/Detectors/TRD/simulation/include/TRDSimulation/SimParam.h	2
describe	/Users/miranov25/alicesw/O2/Framework/Core/include/Framework/DispatchPolicy.h	2
describe	/Users/miranov25/alicesw/O2/Framework/Utils/include/DPLUtils/MakeRootTreeWriterSpec.h	2
describe	/Users/miranov25/alicesw/O2/CCDB/include/CCDB/CCDBDownloader.h	1
describe	/Users/miranov25/alicesw/O2/Common/MathUtils/include/MathUtils/SMatrixGPU.h	1
describe	/Users/miranov25/alicesw/O2/DataFormats/Detectors/Common/include/DetectorsCommonDataFormats/Metadata.h	1
disable	/Users/miranov25/alicesw/O2/Detectors/GlobalTrackingWorkflow/tofworkflow/src/tof-reco-workflow.cxx	19
disable	/Users/miranov25/alicesw/O2/Detectors/GlobalTrackingWorkflow/src/secondary-vertexing-workflow.cxx	17
disable	/Users/miranov25/alicesw/O2/Detectors/ZDC/workflow/src/zdc-reco-workflow.cxx	17
disable	/Users/miranov25/alicesw/O2/Detectors/FIT/FT0/workflow/src/ft0-reco-workflow.cxx	15
disable	/Users/miranov25/alicesw/O2/Detectors/EMCAL/workflow/src/emc-reco-workflow.cxx	14
disable	/Users/miranov25/alicesw/O2/Detectors/GlobalTrackingWorkflow/src/tof-matcher-workflow.cxx	14
disable	/Users/miranov25/alicesw/O2/Detectors/MUON/MCH/Workflow/src/reco-workflow.cxx	14
disable	/Users/miranov25/alicesw/O2/Detectors/AOD/src/aod-producer-workflow.cxx	13
disable	/Users/miranov25/alicesw/O2/Detectors/GlobalTrackingWorkflow/src/hmp-matcher-workflow.cxx	13
disable	/Users/miranov25/alicesw/O2/Detectors/PHOS/workflow/src/phos-reco-workflow.cxx	12
dump	/Users/miranov25/alicesw/O2/GPU/GPUTracking/Definitions/GPUSettingsList.h	16
dump	/Users/miranov25/alicesw/O2/Detectors/ITSMFT/ITS/workflow/include/ITSWorkflow/ThresholdCalibratorSpec.h	6
dump	/Users/miranov25/alicesw/O2/Detectors/TPC/reconstruction/include/TPCReconstruction/RawReaderCRU.h	6
dump	/Users/miranov25/alicesw/O2/Detectors/TPC/workflow/include/TPCWorkflow/TPCCalibPadRawSpec.h	5
dump	/Users/miranov25/alicesw/O2/Common/Utils/include/CommonUtils/MemFileHelper.h	4
dump	/Users/miranov25/alicesw/O2/Detectors/TPC/spacecharge/include/TPCSpaceCharge/SpaceCharge.h	4
dump	/Users/miranov25/alicesw/O2/Detectors/Calibration/include/DetectorsCalibration/IntegratedClusterCalibrator.h	3
dump	/Users/miranov25/alicesw/O2/Detectors/ITSMFT/common/reconstruction/include/ITSMFTReconstruction/GBTLink.h	3
dump	/Users/miranov25/alicesw/O2/Detectors/Base/include/DetectorsBase/DPLWorkflowUtils.h	2
dump	/Users/miranov25/alicesw/O2/Detectors/FIT/FDD/workflow/src/fdd-flp-workflow.cxx	2
empty	/Users/miranov25/alicesw/O2/DataFormats/Detectors/Common/include/DetectorsCommonDataFormats/EncodedBlocks.h	18
empty	/Users/miranov25/alicesw/O2/Utilities/rANS/include/rANS/internal/containers/SparseVector.h	17
empty	/Users/miranov25/alicesw/O2/Detectors/Calibration/include/DetectorsCalibration/IntegratedClusterCalibrator.h	15
empty	/Users/miranov25/alicesw/O2/Utilities/rANS/include/rANS/internal/containers/DenseHistogram.h	15
empty	/Users/miranov25/alicesw/O2/Detectors/Raw/TFReaderDD/src/TFReaderSpec.cxx	13
empty	/Users/miranov25/alicesw/O2/Detectors/Calibration/include/DetectorsCalibration/TimeSlotCalibration.h	11
empty	/Users/miranov25/alicesw/O2/Detectors/ITSMFT/common/reconstruction/include/ITSMFTReconstruction/AlpideCoder.h	11
empty	/Users/miranov25/alicesw/O2/Detectors/CTF/workflow/src/ctf-reader-workflow.cxx	9
empty	/Users/miranov25/alicesw/O2/Framework/Utils/include/DPLUtils/MakeRootTreeWriterSpec.h	9
empty	/Users/miranov25/alicesw/O2/Utilities/rANS/include/rANS/internal/containers/HistogramView.h	9
empty	/Users/miranov25/alicesw/O2/Utilities/rANS/include/rANS/internal/containers/SparseVector.h	17
empty	/Users/miranov25/alicesw/O2/Detectors/Calibration/include/DetectorsCalibration/IntegratedClusterCalibrator.h	15
empty	/Users/miranov25/alicesw/O2/Utilities/rANS/include/rANS/internal/containers/DenseHistogram.h	15
empty	/Users/miranov25/alicesw/O2/Detectors/Raw/TFReaderDD/src/TFReaderSpec.cxx	13
empty	/Users/miranov25/alicesw/O2/Detectors/Calibration/include/DetectorsCalibration/TimeSlotCalibration.h	11
empty	/Users/miranov25/alicesw/O2/Detectors/ITSMFT/common/reconstruction/include/ITSMFTReconstruction/AlpideCoder.h	11
empty	/Users/miranov25/alicesw/O2/Common/Utils/include/CommonUtils/FIFO.h	9
empty	/Users/miranov25/alicesw/O2/Detectors/CTF/workflow/src/ctf-reader-workflow.cxx	9
empty	/Users/miranov25/alicesw/O2/Framework/Utils/include/DPLUtils/MakeRootTreeWriterSpec.h	9
empty	/Users/miranov25/alicesw/O2/Utilities/rANS/include/rANS/internal/containers/HistogramView.h	9
encode	/Users/miranov25/alicesw/O2/Detectors/TPC/reconstruction/include/TPCReconstruction/CTFCoder.h	6
encode	/Users/miranov25/alicesw/O2/Detectors/CPV/reconstruction/include/CPVReconstruction/CTFCoder.h	5
encode	/Users/miranov25/alicesw/O2/Detectors/CTP/reconstruction/include/CTPReconstruction/CTFCoder.h	5
encode	/Users/miranov25/alicesw/O2/Detectors/EMCAL/reconstruction/include/EMCALReconstruction/CTFCoder.h	5
encode	/Users/miranov25/alicesw/O2/Detectors/FIT/FDD/reconstruction/include/FDDReconstruction/CTFCoder.h	5
encode	/Users/miranov25/alicesw/O2/Detectors/FIT/FT0/reconstruction/include/FT0Reconstruction/CTFCoder.h	5
encode	/Users/miranov25/alicesw/O2/Detectors/FIT/FV0/reconstruction/include/FV0Reconstruction/CTFCoder.h	5
encode	/Users/miranov25/alicesw/O2/Detectors/HMPID/reconstruction/include/HMPIDReconstruction/CTFCoder.h	5
encode	/Users/miranov25/alicesw/O2/Detectors/ITSMFT/common/reconstruction/include/ITSMFTReconstruction/CTFCoder.h	5
encode	/Users/miranov25/alicesw/O2/Detectors/MUON/MCH/CTF/include/MCHCTF/CTFCoder.h	5
encode	/Users/miranov25/alicesw/O2/DataFormats/Detectors/Common/include/DetectorsCommonDataFormats/EncodedBlocks.h	19
encode	/Users/miranov25/alicesw/O2/Detectors/TPC/reconstruction/include/TPCReconstruction/CTFCoder.h	6
encode	/Users/miranov25/alicesw/O2/Detectors/CPV/reconstruction/include/CPVReconstruction/CTFCoder.h	5
encode	/Users/miranov25/alicesw/O2/Detectors/CTP/reconstruction/include/CTPReconstruction/CTFCoder.h	5
encode	/Users/miranov25/alicesw/O2/Detectors/EMCAL/reconstruction/include/EMCALReconstruction/CTFCoder.h	5
encode	/Users/miranov25/alicesw/O2/Detectors/FIT/FDD/reconstruction/include/FDDReconstruction/CTFCoder.h	5
encode	/Users/miranov25/alicesw/O2/Detectors/FIT/FT0/reconstruction/include/FT0Reconstruction/CTFCoder.h	5
encode	/Users/miranov25/alicesw/O2/Detectors/FIT/FV0/reconstruction/include/FV0Reconstruction/CTFCoder.h	5
encode	/Users/miranov25/alicesw/O2/Detectors/HMPID/reconstruction/include/HMPIDReconstruction/CTFCoder.h	5
encode	/Users/miranov25/alicesw/O2/Detectors/ITSMFT/common/reconstruction/include/ITSMFTReconstruction/CTFCoder.h	5
encode	/Users/miranov25/alicesw/O2/DataFormats/Detectors/Common/include/DetectorsCommonDataFormats/EncodedBlocks.h	19
encode	/Users/miranov25/alicesw/O2/Detectors/TPC/reconstruction/include/TPCReconstruction/CTFCoder.h	6
encode	/Users/miranov25/alicesw/O2/Detectors/CPV/reconstruction/include/CPVReconstruction/CTFCoder.h	5
encode	/Users/miranov25/alicesw/O2/Detectors/CTP/reconstruction/include/CTPReconstruction/CTFCoder.h	5
encode	/Users/miranov25/alicesw/O2/Detectors/EMCAL/reconstruction/include/EMCALReconstruction/CTFCoder.h	5
encode	/Users/miranov25/alicesw/O2/Detectors/FIT/FDD/reconstruction/include/FDDReconstruction/CTFCoder.h	5
encode	/Users/miranov25/alicesw/O2/Detectors/FIT/FT0/reconstruction/include/FT0Reconstruction/CTFCoder.h	5
encode	/Users/miranov25/alicesw/O2/Detectors/FIT/FV0/reconstruction/include/FV0Reconstruction/CTFCoder.h	5
encode	/Users/miranov25/alicesw/O2/Detectors/HMPID/reconstruction/include/HMPIDReconstruction/CTFCoder.h	5
encode	/Users/miranov25/alicesw/O2/Detectors/ITSMFT/common/reconstruction/include/ITSMFTReconstruction/CTFCoder.h	5
fitGaus	/Users/miranov25/alicesw/O2/Common/Utils/include/CommonUtils/BoostHistogramUtils.h	3
fitGaus	/Users/miranov25/alicesw/O2/Detectors/TOF/calibration/include/TOFCalibration/TOFChannelCalibrator.h	2
fitGaus	/Users/miranov25/alicesw/O2/Common/MathUtils/include/MathUtils/fit.h	3
fitGaus	/Users/miranov25/alicesw/O2/Detectors/TOF/calibration/include/TOFCalibration/TOFChannelCalibrator.h	1
flat	/Users/miranov25/alicesw/O2/GPU/Utils/FlatObject.h	19
flat	/Users/miranov25/alicesw/O2/Detectors/Upgrades/ITS3/base/include/ITS3Base/SegmentationMosaix.h	13
flat	/Users/miranov25/alicesw/O2/Detectors/Upgrades/ALICE3/TRK/base/include/TRKBase/SegmentationChip.h	12
flat	/Users/miranov25/alicesw/O2/Generators/include/Generators/TPCLoopers.h	6
flat	/Users/miranov25/alicesw/O2/GPU/TPCFastTransformation/Spline2DSpec.h	4
flat	/Users/miranov25/alicesw/O2/GPU/TPCFastTransformation/TPCFastSpaceChargeCorrection.h	4
flat	/Users/miranov25/alicesw/O2/GPU/Workflow/src/gpu-reco-workflow.cxx	4
flat	/Users/miranov25/alicesw/O2/Generators/include/Generators/TPCLoopersParam.h	4
flat	/Users/miranov25/alicesw/O2/DataFormats/simulation/include/SimulationDataFormat/MCTruthContainer.h	3
flat	/Users/miranov25/alicesw/O2/Detectors/TPC/workflow/src/tpc-reco-workflow.cxx	3
flush	/Users/miranov25/alicesw/O2/Framework/Core/include/Framework/TableBuilder.h	5
flush	/Users/miranov25/alicesw/O2/Steer/DigitizerWorkflow/src/HMPIDDigitizerSpec.cxx	3
flush	/Users/miranov25/alicesw/O2/Steer/DigitizerWorkflow/src/TPCDigitizerSpec.cxx	3
flush	/Users/miranov25/alicesw/O2/Detectors/EMCAL/simulation/include/EMCALSimulation/Digitizer.h	2
flush	/Users/miranov25/alicesw/O2/Detectors/EMCAL/simulation/include/EMCALSimulation/DigitizerTRU.h	2
flush	/Users/miranov25/alicesw/O2/Detectors/HMPID/simulation/include/HMPIDSimulation/HMPIDDigitizer.h	2
flush	/Users/miranov25/alicesw/O2/Detectors/Raw/include/DetectorsRaw/HBFUtils.h	2
flush	/Users/miranov25/alicesw/O2/Steer/DigitizerWorkflow/src/FDDDigitizerSpec.cxx	2
flush	/Users/miranov25/alicesw/O2/Steer/DigitizerWorkflow/src/FV0DigitizerSpec.cxx	2
flush	/Users/miranov25/alicesw/O2/Steer/DigitizerWorkflow/src/ZDCDigitizerSpec.cxx	2
front	/Users/miranov25/alicesw/O2/Detectors/Calibration/include/DetectorsCalibration/TimeSlotCalibration.h	8
front	/Users/miranov25/alicesw/O2/Detectors/Calibration/testMacros/getRunParameters.cxx	5
front	/Users/miranov25/alicesw/O2/Detectors/FIT/raw/include/FITRaw/DigitBlockBase.h	3
front	/Users/miranov25/alicesw/O2/Common/Utils/include/CommonUtils/EnumFlags.h	2
front	/Users/miranov25/alicesw/O2/Detectors/EMCAL/base/include/EMCALBase/Geometry.h	2
front	/Users/miranov25/alicesw/O2/Detectors/FIT/common/calibration/include/FITCalibration/FITCalibrator.h	2
front	/Users/miranov25/alicesw/O2/Detectors/ITSMFT/ITS/tracking/GPU/ITStrackingGPU/Utils.h	2
front	/Users/miranov25/alicesw/O2/Detectors/TOF/calibration/include/TOFCalibration/TOFChannelCalibrator.h	2
front	/Users/miranov25/alicesw/O2/Detectors/TRD/base/include/TRDBase/GeometryBase.h	2
front	/Users/miranov25/alicesw/O2/Common/MathUtils/include/MathUtils/fit.h	1
getData	/Users/miranov25/alicesw/O2/Detectors/ITSMFT/common/reconstruction/include/ITSMFTReconstruction/AlpideCoder.h	9
getData	/Users/miranov25/alicesw/O2/Detectors/TPC/base/include/TPCBase/CalDet.h	5
getData	/Users/miranov25/alicesw/O2/Detectors/ITSMFT/common/reconstruction/include/ITSMFTReconstruction/PixelData.h	4
getData	/Users/miranov25/alicesw/O2/Detectors/TRD/simulation/include/TRDSimulation/TrapConfig.h	3
getData	/Users/miranov25/alicesw/O2/Detectors/ITSMFT/common/reconstruction/include/ITSMFTReconstruction/RawPixelDecoder.h	2
getData	/Users/miranov25/alicesw/O2/Detectors/TPC/base/include/TPCBase/CalArray.h	2
getData	/Users/miranov25/alicesw/O2/Detectors/TPC/reconstruction/include/TPCReconstruction/GBTFrameContainer.h	2
getData	/Users/miranov25/alicesw/O2/Detectors/TPC/reconstruction/include/TPCReconstruction/RawReader.h	2
getData	/Users/miranov25/alicesw/O2/Detectors/TPC/spacecharge/include/TPCSpaceCharge/DataContainer3D.h	2
getData	/Users/miranov25/alicesw/O2/DataFormats/Detectors/TRD/include/DataFormatsTRD/NoiseCalibration.h	1
getDataOrigin	/Users/miranov25/alicesw/O2/Detectors/Raw/TFReaderDD/src/TFReaderSpec.cxx	34
getDataOrigin	/Users/miranov25/alicesw/O2/Detectors/FIT/workflow/include/FITWorkflow/FITIntegrateClusterSpec.h	8
getDataOrigin	/Users/miranov25/alicesw/O2/Detectors/CTF/workflow/src/ctf-reader-workflow.cxx	2
getDataOrigin	/Users/miranov25/alicesw/O2/Detectors/FIT/workflow/include/FITWorkflow/FITIntegrateClusterWriterSpec.h	2
getDataOrigin	/Users/miranov25/alicesw/O2/Detectors/Raw/include/DetectorsRaw/RawFileReader.h	2
getDataOrigin	/Users/miranov25/alicesw/O2/Detectors/Base/include/DetectorsBase/CTFCoderBase.h	1
getDataOrigin	/Users/miranov25/alicesw/O2/Steer/DigitizerWorkflow/src/GRPUpdaterSpec.cxx	1
getHash	/Users/miranov25/alicesw/O2/Common/Utils/include/CommonUtils/ConfigurableParamHelper.h	2
getHash	/Users/miranov25/alicesw/O2/DataFormats/Detectors/ITSMFT/common/include/DataFormatsITSMFT/ClusterTopology.h	2
getHash	/Users/miranov25/alicesw/O2/DataFormats/Detectors/ITSMFT/common/include/DataFormatsITSMFT/TopologyDictionary.h	1
getHash	/Users/miranov25/alicesw/O2/Detectors/Upgrades/ITS3/reconstruction/include/ITS3Reconstruction/TopologyDictionary.h	1
getHash	/Users/miranov25/alicesw/O2/DataFormats/Detectors/ITSMFT/common/include/DataFormatsITSMFT/ClusterTopology.h	2
getHash	/Users/miranov25/alicesw/O2/Common/Utils/include/CommonUtils/ConfigurableParam.h	1
getHash	/Users/miranov25/alicesw/O2/DataFormats/Detectors/ITSMFT/common/include/DataFormatsITSMFT/TopologyDictionary.h	1
getHash	/Users/miranov25/alicesw/O2/Detectors/Upgrades/ITS3/reconstruction/include/ITS3Reconstruction/TopologyDictionary.h	1
getHeader	/Users/miranov25/alicesw/O2/DataFormats/simulation/include/SimulationDataFormat/ConstMCTruthContainer.h	8
getHeader	/Users/miranov25/alicesw/O2/Framework/Core/include/Framework/InputRecord.h	8
getHeader	/Users/miranov25/alicesw/O2/Detectors/TPC/workflow/readers/include/TPCReaderWorkflow/TPCSectorCompletionPolicy.h	4
getHeader	/Users/miranov25/alicesw/O2/Detectors/Base/include/DetectorsBase/CTFCoderBase.h	3
getHeader	/Users/miranov25/alicesw/O2/Detectors/FOCAL/reconstruction/include/FOCALReconstruction/PadData.h	3
getHeader	/Users/miranov25/alicesw/O2/Detectors/CPV/reconstruction/include/CPVReconstruction/CTFCoder.h	2
getHeader	/Users/miranov25/alicesw/O2/Detectors/CTP/reconstruction/include/CTPReconstruction/CTFCoder.h	2
getHeader	/Users/miranov25/alicesw/O2/Detectors/Calibration/workflow/CCDBPopulatorSpec.h	2
getHeader	/Users/miranov25/alicesw/O2/Detectors/EMCAL/reconstruction/include/EMCALReconstruction/CTFCoder.h	2
getHeader	/Users/miranov25/alicesw/O2/Detectors/FIT/FDD/reconstruction/include/FDDReconstruction/CTFCoder.h	2
getIndex	/Users/miranov25/alicesw/O2/Detectors/MUON/MID/CTF/include/MIDCTF/CTFHelper.h	19
getIndex	/Users/miranov25/alicesw/O2/Detectors/AOD/src/AODProducerWorkflowSpec.cxx	16
getIndex	/Users/miranov25/alicesw/O2/Framework/Utils/include/DPLUtils/RootTreeWriter.h	14
getIndex	/Users/miranov25/alicesw/O2/Detectors/TPC/workflow/src/tpc-krypton-clusterer.cxx	5
getIndex	/Users/miranov25/alicesw/O2/Detectors/TPC/workflow/src/tpc-krypton-raw-filter.cxx	5
getIndex	/Users/miranov25/alicesw/O2/Utilities/rANS/include/rANS/internal/transform/algorithm.h	4
getIndex	/Users/miranov25/alicesw/O2/Detectors/TPC/calibration/include/TPCCalibration/CalibRawBase.h	3
getIndex	/Users/miranov25/alicesw/O2/Framework/Utils/include/DPLUtils/MakeRootTreeWriterSpec.h	3
getIndex	/Users/miranov25/alicesw/O2/DataFormats/Detectors/CTP/include/DataFormatsCTP/Configuration.h	2
getIndex	/Users/miranov25/alicesw/O2/DataFormats/common/include/CommonDataFormat/AbstractRef.h	2
getMask	/Users/miranov25/alicesw/O2/DataFormats/Reconstruction/include/ReconstructionDataFormats/GlobalTrackID.h	45
getMask	/Users/miranov25/alicesw/O2/DataFormats/Parameters/include/DataFormatsParameters/GRPECSObject.h	16
getMask	/Users/miranov25/alicesw/O2/DataFormats/Parameters/include/DataFormatsParameters/GRPObject.h	11
getMask	/Users/miranov25/alicesw/O2/Detectors/Raw/TFReaderDD/src/TFReaderSpec.cxx	4
getMask	/Users/miranov25/alicesw/O2/Detectors/CTF/workflow/src/ctf-reader-workflow.cxx	3
getMask	/Users/miranov25/alicesw/O2/DataFormats/Detectors/CTP/include/DataFormatsCTP/Configuration.h	2
getMask	/Users/miranov25/alicesw/O2/Detectors/CTF/workflow/src/ctf-writer-workflow.cxx	2
getMask	/Users/miranov25/alicesw/O2/Detectors/Raw/TFReaderDD/src/tf-reader-workflow.cxx	2
getMask	/Users/miranov25/alicesw/O2/DataFormats/Detectors/TOF/include/DataFormatsTOF/CalibInfoTOF.h	1
getMask	/Users/miranov25/alicesw/O2/Detectors/GRP/workflows/src/create-aligned-geometry.cxx	1
getMemberProvenance	/Users/miranov25/alicesw/O2/Common/Utils/include/CommonUtils/ConfigurableParamHelper.h	2
getMemberProvenance	/Users/miranov25/alicesw/O2/Common/Utils/include/CommonUtils/ConfigurableParam.h	1
getNBlocks	/Users/miranov25/alicesw/O2/Detectors/CPV/reconstruction/include/CPVReconstruction/CTFCoder.h	2
getNBlocks	/Users/miranov25/alicesw/O2/Detectors/CTP/reconstruction/include/CTPReconstruction/CTFCoder.h	2
getNBlocks	/Users/miranov25/alicesw/O2/Detectors/EMCAL/reconstruction/include/EMCALReconstruction/CTFCoder.h	2
getNBlocks	/Users/miranov25/alicesw/O2/Detectors/FIT/FDD/reconstruction/include/FDDReconstruction/CTFCoder.h	2
getNBlocks	/Users/miranov25/alicesw/O2/Detectors/FIT/FT0/reconstruction/include/FT0Reconstruction/CTFCoder.h	2
getNBlocks	/Users/miranov25/alicesw/O2/Detectors/FIT/FV0/reconstruction/include/FV0Reconstruction/CTFCoder.h	2
getNBlocks	/Users/miranov25/alicesw/O2/Detectors/HMPID/reconstruction/include/HMPIDReconstruction/CTFCoder.h	2
getNBlocks	/Users/miranov25/alicesw/O2/Detectors/ITSMFT/common/reconstruction/include/ITSMFTReconstruction/CTFCoder.h	2
getNBlocks	/Users/miranov25/alicesw/O2/Detectors/MUON/MCH/CTF/include/MCHCTF/CTFCoder.h	2
getNBlocks	/Users/miranov25/alicesw/O2/Detectors/MUON/MID/CTF/include/MIDCTF/CTFCoder.h	2
getNIncompressibleSamples	/Users/miranov25/alicesw/O2/DataFormats/Detectors/Common/include/DetectorsCommonDataFormats/EncodedBlocks.h	4
getNIncompressibleSamples	/Users/miranov25/alicesw/O2/DataFormats/Detectors/Common/include/DetectorsCommonDataFormats/internal/InplaceEntropyCoder.h	2
getNIncompressibleSamples	/Users/miranov25/alicesw/O2/DataFormats/Detectors/Common/include/DetectorsCommonDataFormats/EncodedBlocks.h	4
getNIncompressibleSamples	/Users/miranov25/alicesw/O2/DataFormats/Detectors/Common/include/DetectorsCommonDataFormats/internal/ExternalEntropyCoder.h	1
getName	/Users/miranov25/alicesw/O2/Common/Utils/include/CommonUtils/ConfigurableParamHelper.h	22
getName	/Users/miranov25/alicesw/O2/Framework/Utils/include/DPLUtils/RootTreeWriter.h	14
getName	/Users/miranov25/alicesw/O2/Detectors/Base/include/DetectorsBase/CTFCoderBase.h	8
getName	/Users/miranov25/alicesw/O2/Steer/DigitizerWorkflow/src/ITSMFTDigitizerSpec.cxx	8
getName	/Users/miranov25/alicesw/O2/Detectors/TPC/workflow/src/tpc-krypton-clusterer.cxx	5
getName	/Users/miranov25/alicesw/O2/Detectors/TPC/workflow/src/tpc-krypton-raw-filter.cxx	5
getName	/Users/miranov25/alicesw/O2/DataFormats/Detectors/Common/include/DetectorsCommonDataFormats/DetID.h	4
getName	/Users/miranov25/alicesw/O2/Detectors/FIT/workflow/include/FITWorkflow/FITIntegrateClusterSpec.h	4
getName	/Users/miranov25/alicesw/O2/DataFormats/Detectors/Common/include/DetectorsCommonDataFormats/DetectorNameConf.h	3
getName	/Users/miranov25/alicesw/O2/DataFormats/Detectors/TOF/include/DataFormatsTOF/ParameterContainers.h	3
getName	/Users/miranov25/alicesw/O2/Framework/Utils/include/DPLUtils/RootTreeWriter.h	14
getName	/Users/miranov25/alicesw/O2/Detectors/Base/include/DetectorsBase/CTFCoderBase.h	8
getName	/Users/miranov25/alicesw/O2/Steer/DigitizerWorkflow/src/ITSMFTDigitizerSpec.cxx	8
getName	/Users/miranov25/alicesw/O2/Detectors/TPC/workflow/src/tpc-krypton-clusterer.cxx	5
getName	/Users/miranov25/alicesw/O2/Detectors/TPC/workflow/src/tpc-krypton-raw-filter.cxx	5
getName	/Users/miranov25/alicesw/O2/DataFormats/Detectors/Common/include/DetectorsCommonDataFormats/DetID.h	4
getName	/Users/miranov25/alicesw/O2/Detectors/FIT/workflow/include/FITWorkflow/FITIntegrateClusterSpec.h	4
getName	/Users/miranov25/alicesw/O2/DataFormats/Detectors/Common/include/DetectorsCommonDataFormats/DetectorNameConf.h	3
getName	/Users/miranov25/alicesw/O2/DataFormats/Detectors/TOF/include/DataFormatsTOF/ParameterContainers.h	3
getName	/Users/miranov25/alicesw/O2/DataFormats/Reconstruction/include/ReconstructionDataFormats/PID.h	3
getName	/Users/miranov25/alicesw/O2/Common/Utils/include/CommonUtils/ConfigurableParamHelper.h	22
getName	/Users/miranov25/alicesw/O2/Framework/Utils/include/DPLUtils/RootTreeWriter.h	14
getName	/Users/miranov25/alicesw/O2/Detectors/Base/include/DetectorsBase/CTFCoderBase.h	8
getName	/Users/miranov25/alicesw/O2/Steer/DigitizerWorkflow/src/ITSMFTDigitizerSpec.cxx	8
getName	/Users/miranov25/alicesw/O2/Detectors/TPC/workflow/src/tpc-krypton-clusterer.cxx	5
getName	/Users/miranov25/alicesw/O2/Detectors/TPC/workflow/src/tpc-krypton-raw-filter.cxx	5
getName	/Users/miranov25/alicesw/O2/DataFormats/Detectors/Common/include/DetectorsCommonDataFormats/DetID.h	4
getName	/Users/miranov25/alicesw/O2/Detectors/FIT/workflow/include/FITWorkflow/FITIntegrateClusterSpec.h	4
getName	/Users/miranov25/alicesw/O2/DataFormats/Detectors/Common/include/DetectorsCommonDataFormats/DetectorNameConf.h	3
getName	/Users/miranov25/alicesw/O2/DataFormats/Detectors/TOF/include/DataFormatsTOF/ParameterContainers.h	3
getName	/Users/miranov25/alicesw/O2/Common/Utils/include/CommonUtils/ConfigurableParamHelper.h	22
getName	/Users/miranov25/alicesw/O2/Framework/Utils/include/DPLUtils/RootTreeWriter.h	14
getName	/Users/miranov25/alicesw/O2/Detectors/Base/include/DetectorsBase/CTFCoderBase.h	8
getName	/Users/miranov25/alicesw/O2/Steer/DigitizerWorkflow/src/ITSMFTDigitizerSpec.cxx	8
getName	/Users/miranov25/alicesw/O2/Detectors/TPC/workflow/src/tpc-krypton-clusterer.cxx	5
getName	/Users/miranov25/alicesw/O2/Detectors/TPC/workflow/src/tpc-krypton-raw-filter.cxx	5
getName	/Users/miranov25/alicesw/O2/DataFormats/Detectors/Common/include/DetectorsCommonDataFormats/DetID.h	4
getName	/Users/miranov25/alicesw/O2/Detectors/FIT/workflow/include/FITWorkflow/FITIntegrateClusterSpec.h	4
getName	/Users/miranov25/alicesw/O2/DataFormats/Detectors/Common/include/DetectorsCommonDataFormats/DetectorNameConf.h	3
getName	/Users/miranov25/alicesw/O2/DataFormats/Detectors/TOF/include/DataFormatsTOF/ParameterContainers.h	3
getName	/Users/miranov25/alicesw/O2/Common/Utils/include/CommonUtils/ConfigurableParamHelper.h	22
getName	/Users/miranov25/alicesw/O2/Framework/Utils/include/DPLUtils/RootTreeWriter.h	14
getName	/Users/miranov25/alicesw/O2/Steer/DigitizerWorkflow/src/ITSMFTDigitizerSpec.cxx	11
getName	/Users/miranov25/alicesw/O2/Detectors/Base/include/DetectorsBase/CTFCoderBase.h	8
getName	/Users/miranov25/alicesw/O2/Detectors/TPC/workflow/src/tpc-krypton-clusterer.cxx	5
getName	/Users/miranov25/alicesw/O2/Detectors/TPC/workflow/src/tpc-krypton-raw-filter.cxx	5
getName	/Users/miranov25/alicesw/O2/Detectors/FIT/workflow/include/FITWorkflow/FITIntegrateClusterSpec.h	4
getName	/Users/miranov25/alicesw/O2/DataFormats/Detectors/CTP/include/DataFormatsCTP/Configuration.h	3
getName	/Users/miranov25/alicesw/O2/DataFormats/Detectors/Common/include/DetectorsCommonDataFormats/DetectorNameConf.h	3
getName	/Users/miranov25/alicesw/O2/DataFormats/Detectors/TOF/include/DataFormatsTOF/ParameterContainers.h	3
getName	/Users/miranov25/alicesw/O2/Common/Utils/include/CommonUtils/ConfigurableParamHelper.h	22
getName	/Users/miranov25/alicesw/O2/Framework/Utils/include/DPLUtils/RootTreeWriter.h	14
getName	/Users/miranov25/alicesw/O2/Detectors/Base/include/DetectorsBase/CTFCoderBase.h	8
getName	/Users/miranov25/alicesw/O2/Steer/DigitizerWorkflow/src/ITSMFTDigitizerSpec.cxx	8
getName	/Users/miranov25/alicesw/O2/Detectors/TPC/workflow/src/tpc-krypton-clusterer.cxx	5
getName	/Users/miranov25/alicesw/O2/Detectors/TPC/workflow/src/tpc-krypton-raw-filter.cxx	5
getName	/Users/miranov25/alicesw/O2/DataFormats/Detectors/Common/include/DetectorsCommonDataFormats/DetID.h	4
getName	/Users/miranov25/alicesw/O2/Detectors/FIT/workflow/include/FITWorkflow/FITIntegrateClusterSpec.h	4
getName	/Users/miranov25/alicesw/O2/DataFormats/Detectors/Common/include/DetectorsCommonDataFormats/DetectorNameConf.h	3
getName	/Users/miranov25/alicesw/O2/DataFormats/Detectors/TOF/include/DataFormatsTOF/ParameterContainers.h	3
getNames	/Users/miranov25/alicesw/O2/DataFormats/Detectors/Common/include/DetectorsCommonDataFormats/DetID.h	1
getNames	/Users/miranov25/alicesw/O2/DataFormats/Reconstruction/include/ReconstructionDataFormats/GlobalTrackID.h	1
getNames	/Users/miranov25/alicesw/O2/Detectors/GRP/workflows/src/create-aligned-geometry.cxx	1
getNames	/Users/miranov25/alicesw/O2/Common/Utils/include/CommonUtils/EnumFlags.h	4
getNames	/Users/miranov25/alicesw/O2/DataFormats/Detectors/CTP/include/DataFormatsCTP/Configuration.h	1
getNames	/Users/miranov25/alicesw/O2/DataFormats/Reconstruction/include/ReconstructionDataFormats/GlobalTrackID.h	1
getNames	/Users/miranov25/alicesw/O2/Detectors/GRP/workflows/src/create-aligned-geometry.cxx	1
getNames	/Users/miranov25/alicesw/O2/Detectors/Raw/TFReaderDD/src/tf-reader-workflow.cxx	1
getOffset	/Users/miranov25/alicesw/O2/Utilities/rANS/include/rANS/internal/containers/HistogramView.h	14
getOffset	/Users/miranov25/alicesw/O2/Utilities/rANS/include/rANS/internal/containers/DenseHistogram.h	13
getOffset	/Users/miranov25/alicesw/O2/Utilities/rANS/include/rANS/internal/containers/ShiftableVector.h	9
getOffset	/Users/miranov25/alicesw/O2/Utilities/rANS/include/rANS/internal/containers/Container.h	8
getOffset	/Users/miranov25/alicesw/O2/Utilities/rANS/include/rANS/internal/transform/algorithm.h	5
getOffset	/Users/miranov25/alicesw/O2/Utilities/rANS/include/rANS/internal/pack/pack.h	4
getOffset	/Users/miranov25/alicesw/O2/DataFormats/Detectors/Common/include/DetectorsCommonDataFormats/EncodedBlocks.h	3
getOffset	/Users/miranov25/alicesw/O2/Detectors/ITSMFT/common/reconstruction/include/ITSMFTReconstruction/PayLoadCont.h	2
getOffset	/Users/miranov25/alicesw/O2/Utilities/rANS/include/rANS/internal/containers/BitPtr.h	2
getOffset	/Users/miranov25/alicesw/O2/Utilities/rANS/include/rANS/internal/containers/DenseSymbolTable.h	2
getSize	/Users/miranov25/alicesw/O2/DataFormats/Detectors/Common/include/DetectorsCommonDataFormats/DetMatrixCache.h	4
getSize	/Users/miranov25/alicesw/O2/DataFormats/simulation/include/SimulationDataFormat/ConstMCTruthContainer.h	4
getSize	/Users/miranov25/alicesw/O2/DataFormats/simulation/include/SimulationDataFormat/MCTruthContainer.h	4
getSize	/Users/miranov25/alicesw/O2/Detectors/ITSMFT/common/reconstruction/include/ITSMFTReconstruction/AlpideCoder.h	4
getSize	/Users/miranov25/alicesw/O2/Framework/Core/include/Framework/HistogramRegistry.h	4
getSize	/Users/miranov25/alicesw/O2/DataFormats/common/include/CommonDataFormat/AbstractRefAccessor.h	3
getSize	/Users/miranov25/alicesw/O2/Detectors/ITSMFT/common/reconstruction/include/ITSMFTReconstruction/PayLoadCont.h	3
getSize	/Users/miranov25/alicesw/O2/DataFormats/Detectors/TOF/include/DataFormatsTOF/CalibTimeSlewingParamTOF.h	2
getSize	/Users/miranov25/alicesw/O2/Detectors/Upgrades/ITS3/reconstruction/include/ITS3Reconstruction/Clusterer.h	2
getSize	/Users/miranov25/alicesw/O2/Steer/DigitizerWorkflow/src/TOFDigitizerSpec.cxx	2
getSize	/Users/miranov25/alicesw/O2/DataFormats/simulation/include/SimulationDataFormat/ConstMCTruthContainer.h	4
getSize	/Users/miranov25/alicesw/O2/DataFormats/simulation/include/SimulationDataFormat/MCTruthContainer.h	4
getSize	/Users/miranov25/alicesw/O2/Detectors/ITSMFT/common/reconstruction/include/ITSMFTReconstruction/AlpideCoder.h	4
getSize	/Users/miranov25/alicesw/O2/Framework/Core/include/Framework/HistogramRegistry.h	4
getSize	/Users/miranov25/alicesw/O2/DataFormats/common/include/CommonDataFormat/AbstractRefAccessor.h	3
getSize	/Users/miranov25/alicesw/O2/Detectors/ITSMFT/common/reconstruction/include/ITSMFTReconstruction/PayLoadCont.h	3
getSize	/Users/miranov25/alicesw/O2/DataFormats/Detectors/TOF/include/DataFormatsTOF/CalibTimeSlewingParamTOF.h	2
getSize	/Users/miranov25/alicesw/O2/Detectors/Upgrades/ITS3/reconstruction/include/ITS3Reconstruction/Clusterer.h	2
getSize	/Users/miranov25/alicesw/O2/Steer/DigitizerWorkflow/src/TOFDigitizerSpec.cxx	2
getSize	/Users/miranov25/alicesw/O2/Common/Utils/include/CommonUtils/TreeStream.h	1
indices	/Users/miranov25/alicesw/O2/Framework/Core/include/Framework/AnalysisDataModel.h	40
indices	/Users/miranov25/alicesw/O2/Detectors/EMCAL/base/include/EMCALBase/TriggerMappingV2.h	16
indices	/Users/miranov25/alicesw/O2/Detectors/AOD/include/AODProducerWorkflow/AODProducerWorkflowSpec.h	14
indices	/Users/miranov25/alicesw/O2/Detectors/GlobalTracking/include/GlobalTracking/MatchTPCITS.h	10
indices	/Users/miranov25/alicesw/O2/DataFormats/Detectors/EMCAL/include/DataFormatsEMCAL/EventHandler.h	9
indices	/Users/miranov25/alicesw/O2/DataFormats/Detectors/PHOS/include/DataFormatsPHOS/EventHandler.h	7
indices	/Users/miranov25/alicesw/O2/DataFormats/Detectors/GlobalTracking/include/DataFormatsGlobalTracking/RecoContainer.h	6
indices	/Users/miranov25/alicesw/O2/Detectors/EMCAL/base/include/EMCALBase/Geometry.h	6
indices	/Users/miranov25/alicesw/O2/Utilities/rANS/include/rANS/compat.h	6
indices	/Users/miranov25/alicesw/O2/Common/MathUtils/include/MathUtils/fit.h	5
init	/Users/miranov25/alicesw/O2/DataFormats/Detectors/Common/include/DetectorsCommonDataFormats/internal/InplaceEntropyCoder.h	12
init	/Users/miranov25/alicesw/O2/Utilities/rANS/include/rANS/internal/metrics/Metrics.h	8
init	/Users/miranov25/alicesw/O2/Framework/Utils/include/DPLUtils/RootTreeWriter.h	7
init	/Users/miranov25/alicesw/O2/Steer/src/CollisionContextTool.cxx	6
init	/Users/miranov25/alicesw/O2/Detectors/ITSMFT/common/simulation/include/ITSMFTSimulation/AlpideSignalTrapezoid.h	5
init	/Users/miranov25/alicesw/O2/DataFormats/common/include/CommonDataFormat/FlatHisto1D.h	4
init	/Users/miranov25/alicesw/O2/DataFormats/common/include/CommonDataFormat/FlatHisto2D.h	4
init	/Users/miranov25/alicesw/O2/Detectors/TPC/workflow/readers/include/TPCReaderWorkflow/TPCSectorCompletionPolicy.h	4
init	/Users/miranov25/alicesw/O2/Framework/Core/include/Framework/Task.h	4
init	/Users/miranov25/alicesw/O2/Framework/Utils/include/DPLUtils/MakeRootTreeWriterSpec.h	4
init	/Users/miranov25/alicesw/O2/Utilities/rANS/include/rANS/internal/metrics/Metrics.h	8
init	/Users/miranov25/alicesw/O2/Framework/Utils/include/DPLUtils/RootTreeWriter.h	7
init	/Users/miranov25/alicesw/O2/Steer/src/CollisionContextTool.cxx	6
init	/Users/miranov25/alicesw/O2/Detectors/ITSMFT/common/simulation/include/ITSMFTSimulation/AlpideSignalTrapezoid.h	5
init	/Users/miranov25/alicesw/O2/DataFormats/common/include/CommonDataFormat/FlatHisto1D.h	4
init	/Users/miranov25/alicesw/O2/DataFormats/common/include/CommonDataFormat/FlatHisto2D.h	4
init	/Users/miranov25/alicesw/O2/Detectors/TPC/workflow/readers/include/TPCReaderWorkflow/TPCSectorCompletionPolicy.h	4
init	/Users/miranov25/alicesw/O2/Framework/Core/include/Framework/Task.h	4
init	/Users/miranov25/alicesw/O2/Framework/Utils/include/DPLUtils/MakeRootTreeWriterSpec.h	4
init	/Users/miranov25/alicesw/O2/Steer/DigitizerWorkflow/src/SimReaderSpec.cxx	4
initFrom	/Users/miranov25/alicesw/O2/Common/Utils/include/CommonUtils/ConfigurableParamHelper.h	2
initFrom	/Users/miranov25/alicesw/O2/Common/Utils/include/CommonUtils/ConfigurableParam.h	1
initialize	/Users/miranov25/alicesw/O2/Detectors/TPC/base/include/TPCBase/CalArray.h	4
initialize	/Users/miranov25/alicesw/O2/Common/Utils/include/CommonUtils/ConfigurableParam.h	3
initialize	/Users/miranov25/alicesw/O2/CCDB/include/CCDB/CcdbApi.h	2
initialize	/Users/miranov25/alicesw/O2/Common/Utils/include/CommonUtils/ConfigurableParamHelper.h	2
initialize	/Users/miranov25/alicesw/O2/Common/Utils/include/CommonUtils/EnumFlags.h	2
initialize	/Users/miranov25/alicesw/O2/Detectors/AOD/include/AODProducerWorkflow/AODProducerWorkflowSpec.h	2
initialize	/Users/miranov25/alicesw/O2/Detectors/EMCAL/calibration/include/EMCALCalibration/EMCALCalibExtractor.h	2
initialize	/Users/miranov25/alicesw/O2/Detectors/EMCAL/workflow/src/emc-reco-workflow.cxx	2
initialize	/Users/miranov25/alicesw/O2/Detectors/FIT/FV0/base/include/FV0Base/Geometry.h	2
initialize	/Users/miranov25/alicesw/O2/Detectors/ITSMFT/MFT/tracking/include/MFTTracking/Road.h	2
initialize	/Users/miranov25/alicesw/O2/Common/MathUtils/include/MathUtils/RandomRing.h	8
initialize	/Users/miranov25/alicesw/O2/Detectors/TPC/base/include/TPCBase/CalArray.h	4
initialize	/Users/miranov25/alicesw/O2/CCDB/include/CCDB/CcdbApi.h	2
initialize	/Users/miranov25/alicesw/O2/Common/Utils/include/CommonUtils/ConfigurableParamHelper.h	2
initialize	/Users/miranov25/alicesw/O2/Common/Utils/include/CommonUtils/EnumFlags.h	2
initialize	/Users/miranov25/alicesw/O2/Detectors/AOD/include/AODProducerWorkflow/AODProducerWorkflowSpec.h	2
initialize	/Users/miranov25/alicesw/O2/Detectors/EMCAL/calibration/include/EMCALCalibration/EMCALCalibExtractor.h	2
initialize	/Users/miranov25/alicesw/O2/Detectors/EMCAL/workflow/src/emc-reco-workflow.cxx	2
initialize	/Users/miranov25/alicesw/O2/Detectors/FIT/FV0/base/include/FV0Base/Geometry.h	2
initialize	/Users/miranov25/alicesw/O2/Detectors/ITSMFT/MFT/tracking/include/MFTTracking/Road.h	2
instance	/Users/miranov25/alicesw/O2/GPU/GPUTracking/utils/qconfig.h	36
instance	/Users/miranov25/alicesw/O2/Common/Utils/include/CommonUtils/ShmAllocator.h	13
instance	/Users/miranov25/alicesw/O2/Detectors/TPC/baserecsim/include/TPCBaseRecSim/CDBInterface.h	8
instance	/Users/miranov25/alicesw/O2/Detectors/Base/include/DetectorsBase/GRPGeomHelper.h	7
instance	/Users/miranov25/alicesw/O2/Framework/Utils/include/DPLUtils/RootTreeWriter.h	7
instance	/Users/miranov25/alicesw/O2/Steer/DigitizerWorkflow/src/SimpleDigitizerWorkflow.cxx	7
instance	/Users/miranov25/alicesw/O2/Detectors/AOD/src/AODProducerWorkflowSpec.cxx	6
instance	/Users/miranov25/alicesw/O2/Detectors/Base/include/DetectorsBase/Detector.h	6
instance	/Users/miranov25/alicesw/O2/Detectors/EMCAL/base/include/EMCALBase/Geometry.h	6
instance	/Users/miranov25/alicesw/O2/Framework/Core/include/Framework/InputRecord.h	6
isValid	/Users/miranov25/alicesw/O2/Detectors/AOD/src/AODProducerWorkflowSpec.cxx	9
isValid	/Users/miranov25/alicesw/O2/Framework/Core/include/Framework/InputRecord.h	9
isValid	/Users/miranov25/alicesw/O2/DataFormats/Detectors/FIT/common/include/DataFormatsFIT/LookUpTable.h	6
isValid	/Users/miranov25/alicesw/O2/Detectors/FIT/raw/include/FITRaw/DigitBlockFIT.h	6
isValid	/Users/miranov25/alicesw/O2/Framework/Core/include/Framework/TimesliceSlot.h	4
isValid	/Users/miranov25/alicesw/O2/CCDB/include/CCDB/BasicCCDBManager.h	3
isValid	/Users/miranov25/alicesw/O2/Detectors/AOD/include/AODProducerWorkflow/AODMcProducerHelpers.h	3
isValid	/Users/miranov25/alicesw/O2/Detectors/MUON/MCH/Mapping/Interface/include/MCHMappingInterface/CathodeSegmentation.h	3
isValid	/Users/miranov25/alicesw/O2/Common/Utils/include/CommonUtils/EnumFlags.h	2
isValid	/Users/miranov25/alicesw/O2/DataFormats/Reconstruction/include/ReconstructionDataFormats/TrackParametrization.h	2
isValid	/Users/miranov25/alicesw/O2/Detectors/AOD/src/AODProducerWorkflowSpec.cxx	9
isValid	/Users/miranov25/alicesw/O2/Framework/Core/include/Framework/InputRecord.h	9
isValid	/Users/miranov25/alicesw/O2/DataFormats/Detectors/FIT/common/include/DataFormatsFIT/LookUpTable.h	6
isValid	/Users/miranov25/alicesw/O2/Detectors/FIT/raw/include/FITRaw/DigitBlockFIT.h	6
isValid	/Users/miranov25/alicesw/O2/Framework/Core/include/Framework/TimesliceSlot.h	4
isValid	/Users/miranov25/alicesw/O2/CCDB/include/CCDB/BasicCCDBManager.h	3
isValid	/Users/miranov25/alicesw/O2/Detectors/AOD/include/AODProducerWorkflow/AODMcProducerHelpers.h	3
isValid	/Users/miranov25/alicesw/O2/Detectors/MUON/MCH/Mapping/Interface/include/MCHMappingInterface/CathodeSegmentation.h	3
isValid	/Users/miranov25/alicesw/O2/Common/MathUtils/include/MathUtils/detail/Bracket.h	2
isValid	/Users/miranov25/alicesw/O2/DataFormats/Reconstruction/include/ReconstructionDataFormats/TrackParametrization.h	2
make	/Users/miranov25/alicesw/O2/Framework/Core/include/Framework/DataAllocator.h	20
make	/Users/miranov25/alicesw/O2/Detectors/TPC/base/include/TPCBase/CalDet.h	10
make	/Users/miranov25/alicesw/O2/Framework/Core/include/Framework/TableBuilder.h	10
make	/Users/miranov25/alicesw/O2/run/o2sim_parallel.cxx	9
make	/Users/miranov25/alicesw/O2/Framework/Core/include/Framework/MessageContext.h	5
make	/Users/miranov25/alicesw/O2/Common/MathUtils/include/MathUtils/fit.h	4
make	/Users/miranov25/alicesw/O2/Detectors/AOD/src/AODProducerWorkflowSpec.cxx	4
make	/Users/miranov25/alicesw/O2/Detectors/Base/include/DetectorsBase/Detector.h	4
make	/Users/miranov25/alicesw/O2/Detectors/CTP/reconstruction/include/CTPReconstruction/CTFCoder.h	4
make	/Users/miranov25/alicesw/O2/Detectors/ZDC/reconstruction/include/ZDCReconstruction/CTFCoder.h	4
make	/Users/miranov25/alicesw/O2/Framework/Core/include/Framework/DataAllocator.h	20
make	/Users/miranov25/alicesw/O2/Detectors/TPC/base/include/TPCBase/CalDet.h	10
make	/Users/miranov25/alicesw/O2/Framework/Core/include/Framework/TableBuilder.h	10
make	/Users/miranov25/alicesw/O2/run/o2sim_parallel.cxx	10
make	/Users/miranov25/alicesw/O2/Framework/Core/include/Framework/MessageContext.h	5
make	/Users/miranov25/alicesw/O2/Common/MathUtils/include/MathUtils/fit.h	4
make	/Users/miranov25/alicesw/O2/Detectors/AOD/src/AODProducerWorkflowSpec.cxx	4
make	/Users/miranov25/alicesw/O2/Detectors/Base/include/DetectorsBase/Detector.h	4
make	/Users/miranov25/alicesw/O2/Detectors/CTP/reconstruction/include/CTPReconstruction/CTFCoder.h	4
make	/Users/miranov25/alicesw/O2/Detectors/ZDC/reconstruction/include/ZDCReconstruction/CTFCoder.h	4
mean	/Users/miranov25/alicesw/O2/Detectors/EMCAL/calibration/include/EMCALCalibration/EMCALCalibExtractor.h	27
mean	/Users/miranov25/alicesw/O2/Common/MathUtils/include/MathUtils/fit.h	24
mean	/Users/miranov25/alicesw/O2/Common/Utils/include/CommonUtils/BoostHistogramUtils.h	18
mean	/Users/miranov25/alicesw/O2/Common/MathUtils/include/MathUtils/detail/StatAccumulator.h	6
mean	/Users/miranov25/alicesw/O2/Detectors/Calibration/include/DetectorsCalibration/IntegratedClusterCalibrator.h	6
mean	/Users/miranov25/alicesw/O2/Detectors/EMCAL/calibration/include/EMCALCalibration/EMCALCalibParams.h	5
mean	/Users/miranov25/alicesw/O2/DataFormats/Reconstruction/include/ReconstructionDataFormats/TrackUtils.h	4
mean	/Users/miranov25/alicesw/O2/Detectors/Base/include/DetectorsBase/GeometryManager.h	4
mean	/Users/miranov25/alicesw/O2/Detectors/MUON/MCH/Calibration/include/MCHCalibration/PedestalChannel.h	4
mean	/Users/miranov25/alicesw/O2/Detectors/ZDC/fastsimulation/include/Utils.h	4
operator +=	/Users/miranov25/alicesw/O2/DataFormats/Detectors/CPV/include/DataFormatsCPV/BadChannelMap.h	1
operator +=	/Users/miranov25/alicesw/O2/DataFormats/Detectors/PHOS/include/DataFormatsPHOS/BadChannelsMap.h	1
operator +=	/Users/miranov25/alicesw/O2/Detectors/EMCAL/calib/include/EMCALCalib/BadChannelMap.h	1
operator +=	/Users/miranov25/alicesw/O2/DataFormats/Detectors/CPV/include/DataFormatsCPV/BadChannelMap.h	1
operator +=	/Users/miranov25/alicesw/O2/DataFormats/Detectors/PHOS/include/DataFormatsPHOS/BadChannelsMap.h	1
operator +=	/Users/miranov25/alicesw/O2/Detectors/EMCAL/calib/include/EMCALCalib/BadChannelMap.h	1
operator ==	/Users/miranov25/alicesw/O2/Detectors/EMCAL/calib/include/EMCALCalib/EMCALChannelScaleFactors.h	1
operator ==	/Users/miranov25/alicesw/O2/Detectors/EMCAL/calib/include/EMCALCalib/EMCALChannelScaleFactors.h	1
operator ==	/Users/miranov25/alicesw/O2/Detectors/EMCAL/calib/include/EMCALCalib/EMCALChannelScaleFactors.h	1
operator ==	/Users/miranov25/alicesw/O2/Detectors/EMCAL/calib/include/EMCALCalib/EMCALChannelScaleFactors.h	1
operator ==	/Users/miranov25/alicesw/O2/Detectors/EMCAL/calib/include/EMCALCalib/EMCALChannelScaleFactors.h	1
operator ==	/Users/miranov25/alicesw/O2/Detectors/EMCAL/calib/include/EMCALCalib/EMCALChannelScaleFactors.h	1
output	/Users/miranov25/alicesw/O2/Detectors/TPC/spacecharge/include/TPCSpaceCharge/SpaceCharge.h	34
output	/Users/miranov25/alicesw/O2/Detectors/TPC/reconstruction/include/TPCReconstruction/RawReaderCRU.h	32
output	/Users/miranov25/alicesw/O2/GPU/GPUTracking/Definitions/GPUSettingsList.h	28
output	/Users/miranov25/alicesw/O2/Detectors/DCS/include/DetectorsDCS/DataPointValue.h	16
output	/Users/miranov25/alicesw/O2/DataFormats/simulation/include/SimulationDataFormat/IOMCTruthContainerView.h	14
output	/Users/miranov25/alicesw/O2/Framework/Utils/include/DPLUtils/RootTreeWriter.h	13
output	/Users/miranov25/alicesw/O2/Detectors/MUON/MCH/IO/src/digits-reader-workflow.cxx	11
output	/Users/miranov25/alicesw/O2/Detectors/GlobalTrackingWorkflow/tofworkflow/src/tof-reco-workflow.cxx	10
output	/Users/miranov25/alicesw/O2/Framework/Utils/src/dpl-output-proxy.cxx	10
output	/Users/miranov25/alicesw/O2/Detectors/PHOS/calib/src/phos-calib-workflow.cxx	9
output	/Users/miranov25/alicesw/O2/Detectors/TPC/spacecharge/include/TPCSpaceCharge/SpaceCharge.h	34
output	/Users/miranov25/alicesw/O2/Detectors/TPC/reconstruction/include/TPCReconstruction/RawReaderCRU.h	32
output	/Users/miranov25/alicesw/O2/GPU/GPUTracking/Definitions/GPUSettingsList.h	28
output	/Users/miranov25/alicesw/O2/Detectors/DCS/include/DetectorsDCS/DataPointValue.h	16
output	/Users/miranov25/alicesw/O2/DataFormats/simulation/include/SimulationDataFormat/IOMCTruthContainerView.h	14
output	/Users/miranov25/alicesw/O2/Framework/Utils/include/DPLUtils/RootTreeWriter.h	13
output	/Users/miranov25/alicesw/O2/Detectors/MUON/MCH/IO/src/digits-reader-workflow.cxx	11
output	/Users/miranov25/alicesw/O2/Detectors/GlobalTrackingWorkflow/tofworkflow/src/tof-reco-workflow.cxx	10
output	/Users/miranov25/alicesw/O2/Framework/Utils/src/dpl-output-proxy.cxx	10
output	/Users/miranov25/alicesw/O2/Detectors/PHOS/calib/src/phos-calib-workflow.cxx	9
pack	/Users/miranov25/alicesw/O2/Framework/Foundation/include/Framework/Pack.h	79
pack	/Users/miranov25/alicesw/O2/Framework/Core/include/Framework/ASoA.h	49
pack	/Users/miranov25/alicesw/O2/Framework/Core/include/Framework/TableBuilder.h	9
pack	/Users/miranov25/alicesw/O2/Framework/Core/include/Framework/AnalysisHelpers.h	8
pack	/Users/miranov25/alicesw/O2/Framework/Utils/include/DPLUtils/RootTreeWriter.h	8
pack	/Users/miranov25/alicesw/O2/DataFormats/Detectors/Common/include/DetectorsCommonDataFormats/internal/Packer.h	7
pack	/Users/miranov25/alicesw/O2/Utilities/rANS/include/rANS/internal/pack/pack.h	7
pack	/Users/miranov25/alicesw/O2/Framework/Core/include/Framework/GroupedCombinations.h	5
pack	/Users/miranov25/alicesw/O2/DataFormats/Headers/include/Headers/RAWDataHeader.h	4
pack	/Users/miranov25/alicesw/O2/Utilities/rANS/include/rANS/internal/pack/eliasDelta.h	4
pack	/Users/miranov25/alicesw/O2/Framework/Foundation/include/Framework/Pack.h	79
pack	/Users/miranov25/alicesw/O2/Framework/Core/include/Framework/ASoA.h	49
pack	/Users/miranov25/alicesw/O2/DataFormats/Detectors/Common/include/DetectorsCommonDataFormats/EncodedBlocks.h	9
pack	/Users/miranov25/alicesw/O2/Framework/Core/include/Framework/TableBuilder.h	9
pack	/Users/miranov25/alicesw/O2/Framework/Core/include/Framework/AnalysisHelpers.h	8
pack	/Users/miranov25/alicesw/O2/Framework/Utils/include/DPLUtils/RootTreeWriter.h	8
pack	/Users/miranov25/alicesw/O2/Utilities/rANS/include/rANS/internal/pack/pack.h	7
pack	/Users/miranov25/alicesw/O2/Framework/Core/include/Framework/GroupedCombinations.h	5
pack	/Users/miranov25/alicesw/O2/DataFormats/Headers/include/Headers/RAWDataHeader.h	4
pack	/Users/miranov25/alicesw/O2/Utilities/rANS/include/rANS/internal/pack/eliasDelta.h	4
pair	/Users/miranov25/alicesw/O2/DataFormats/Detectors/TOF/include/DataFormatsTOF/CalibTimeSlewingParamTOF.h	21
pair	/Users/miranov25/alicesw/O2/DataFormats/Parameters/include/DataFormatsParameters/GRPLHCIFData.h	21
pair	/Users/miranov25/alicesw/O2/Detectors/Base/include/DetectorsBase/MaterialManager.h	13
pair	/Users/miranov25/alicesw/O2/Utilities/rANS/include/rANS/internal/transform/algorithm.h	9
pair	/Users/miranov25/alicesw/O2/DataFormats/Detectors/CTP/include/DataFormatsCTP/Scalers.h	8
pair	/Users/miranov25/alicesw/O2/Detectors/TPC/spacecharge/include/TPCSpaceCharge/SpaceCharge.h	8
pair	/Users/miranov25/alicesw/O2/Detectors/ITSMFT/ITS/tracking/include/ITStracking/TimeFrame.h	7
pair	/Users/miranov25/alicesw/O2/Detectors/TPC/calibration/include/TPCCalibration/PressureTemperatureHelper.h	7
pair	/Users/miranov25/alicesw/O2/Detectors/TPC/simulation/include/TPCSimulation/DigitGlobalPad.h	7
pair	/Users/miranov25/alicesw/O2/Steer/src/CollisionContextTool.cxx	7
print	/Users/miranov25/alicesw/O2/DataFormats/Parameters/src/GRPTool.cxx	29
print	/Users/miranov25/alicesw/O2/DataFormats/Detectors/TOF/include/DataFormatsTOF/ParameterContainers.h	6
print	/Users/miranov25/alicesw/O2/Detectors/FIT/raw/include/FITRaw/DataBlockBase.h	6
print	/Users/miranov25/alicesw/O2/Detectors/FIT/raw/include/FITRaw/DigitBlockFIT.h	6
print	/Users/miranov25/alicesw/O2/DataFormats/Detectors/Common/include/DetectorsCommonDataFormats/EncodedBlocks.h	4
print	/Users/miranov25/alicesw/O2/DataFormats/Detectors/FIT/common/include/DataFormatsFIT/RawEventData.h	4
print	/Users/miranov25/alicesw/O2/Detectors/ITSMFT/ITS/reconstruction/include/ITSReconstruction/RecoGeomHelper.h	4
print	/Users/miranov25/alicesw/O2/Steer/DigitizerWorkflow/src/SimReaderSpec.cxx	4
print	/Users/miranov25/alicesw/O2/DataFormats/Reconstruction/include/ReconstructionDataFormats/Vertex.h	3
print	/Users/miranov25/alicesw/O2/Detectors/Base/include/DetectorsBase/MaterialManager.h	3
print	/Users/miranov25/alicesw/O2/DataFormats/Parameters/src/GRPTool.cxx	29
print	/Users/miranov25/alicesw/O2/DataFormats/Detectors/TOF/include/DataFormatsTOF/ParameterContainers.h	6
print	/Users/miranov25/alicesw/O2/Detectors/FIT/raw/include/FITRaw/DataBlockBase.h	6
print	/Users/miranov25/alicesw/O2/Detectors/FIT/raw/include/FITRaw/DigitBlockFIT.h	6
print	/Users/miranov25/alicesw/O2/DataFormats/Detectors/Common/include/DetectorsCommonDataFormats/EncodedBlocks.h	4
print	/Users/miranov25/alicesw/O2/DataFormats/Detectors/FIT/common/include/DataFormatsFIT/RawEventData.h	4
print	/Users/miranov25/alicesw/O2/Detectors/ITSMFT/ITS/reconstruction/include/ITSReconstruction/RecoGeomHelper.h	4
print	/Users/miranov25/alicesw/O2/Steer/DigitizerWorkflow/src/SimReaderSpec.cxx	4
print	/Users/miranov25/alicesw/O2/DataFormats/Reconstruction/include/ReconstructionDataFormats/Vertex.h	3
print	/Users/miranov25/alicesw/O2/Detectors/Base/include/DetectorsBase/MaterialManager.h	3
print	/Users/miranov25/alicesw/O2/DataFormats/Parameters/src/GRPTool.cxx	29
print	/Users/miranov25/alicesw/O2/DataFormats/Detectors/TOF/include/DataFormatsTOF/ParameterContainers.h	6
print	/Users/miranov25/alicesw/O2/Detectors/FIT/raw/include/FITRaw/DataBlockBase.h	6
print	/Users/miranov25/alicesw/O2/Detectors/FIT/raw/include/FITRaw/DigitBlockFIT.h	6
print	/Users/miranov25/alicesw/O2/DataFormats/Detectors/Common/include/DetectorsCommonDataFormats/EncodedBlocks.h	4
print	/Users/miranov25/alicesw/O2/DataFormats/Detectors/FIT/common/include/DataFormatsFIT/RawEventData.h	4
print	/Users/miranov25/alicesw/O2/Detectors/ITSMFT/ITS/reconstruction/include/ITSReconstruction/RecoGeomHelper.h	4
print	/Users/miranov25/alicesw/O2/Steer/DigitizerWorkflow/src/SimReaderSpec.cxx	4
print	/Users/miranov25/alicesw/O2/DataFormats/Reconstruction/include/ReconstructionDataFormats/Vertex.h	3
print	/Users/miranov25/alicesw/O2/Detectors/Base/include/DetectorsBase/MaterialManager.h	3
print	/Users/miranov25/alicesw/O2/DataFormats/Parameters/src/GRPTool.cxx	29
print	/Users/miranov25/alicesw/O2/DataFormats/Detectors/TOF/include/DataFormatsTOF/ParameterContainers.h	6
print	/Users/miranov25/alicesw/O2/Detectors/FIT/raw/include/FITRaw/DataBlockBase.h	6
print	/Users/miranov25/alicesw/O2/Detectors/FIT/raw/include/FITRaw/DigitBlockFIT.h	6
print	/Users/miranov25/alicesw/O2/DataFormats/Detectors/Common/include/DetectorsCommonDataFormats/EncodedBlocks.h	4
print	/Users/miranov25/alicesw/O2/DataFormats/Detectors/FIT/common/include/DataFormatsFIT/RawEventData.h	4
print	/Users/miranov25/alicesw/O2/Detectors/ITSMFT/ITS/reconstruction/include/ITSReconstruction/RecoGeomHelper.h	4
print	/Users/miranov25/alicesw/O2/Steer/DigitizerWorkflow/src/SimReaderSpec.cxx	4
print	/Users/miranov25/alicesw/O2/DataFormats/Reconstruction/include/ReconstructionDataFormats/Vertex.h	3
print	/Users/miranov25/alicesw/O2/Detectors/Base/include/DetectorsBase/MaterialManager.h	3
print	/Users/miranov25/alicesw/O2/DataFormats/Parameters/src/GRPTool.cxx	29
print	/Users/miranov25/alicesw/O2/DataFormats/Detectors/TOF/include/DataFormatsTOF/ParameterContainers.h	6
print	/Users/miranov25/alicesw/O2/Detectors/FIT/raw/include/FITRaw/DataBlockBase.h	6
print	/Users/miranov25/alicesw/O2/Detectors/FIT/raw/include/FITRaw/DigitBlockFIT.h	6
print	/Users/miranov25/alicesw/O2/DataFormats/Detectors/FIT/common/include/DataFormatsFIT/RawEventData.h	4
print	/Users/miranov25/alicesw/O2/Detectors/ITSMFT/ITS/reconstruction/include/ITSReconstruction/RecoGeomHelper.h	4
print	/Users/miranov25/alicesw/O2/Steer/DigitizerWorkflow/src/SimReaderSpec.cxx	4
print	/Users/miranov25/alicesw/O2/DataFormats/Reconstruction/include/ReconstructionDataFormats/Vertex.h	3
print	/Users/miranov25/alicesw/O2/Detectors/Base/include/DetectorsBase/MaterialManager.h	3
print	/Users/miranov25/alicesw/O2/Detectors/Calibration/include/DetectorsCalibration/TimeSlotCalibration.h	3
printKeyValues	/Users/miranov25/alicesw/O2/Common/Utils/include/CommonUtils/ConfigurableParamHelper.h	2
printKeyValues	/Users/miranov25/alicesw/O2/Detectors/AOD/src/AODProducerWorkflowSpec.cxx	2
printKeyValues	/Users/miranov25/alicesw/O2/Steer/DigitizerWorkflow/src/SimpleDigitizerWorkflow.cxx	2
printKeyValues	/Users/miranov25/alicesw/O2/Steer/DigitizerWorkflow/src/TPCDigitizerSpec.cxx	2
printKeyValues	/Users/miranov25/alicesw/O2/Detectors/CPV/calib/testWorkflow/NoiseCalibratorSpec.h	1
printKeyValues	/Users/miranov25/alicesw/O2/Detectors/FIT/FT0/calibration/workflow/FT0TimeSpectraProcessor-Workflow.cxx	1
printKeyValues	/Users/miranov25/alicesw/O2/Detectors/Raw/include/DetectorsRaw/HBFUtils.h	1
printKeyValues	/Users/miranov25/alicesw/O2/Steer/DigitizerWorkflow/src/CPVDigitizerSpec.cxx	1
printKeyValues	/Users/miranov25/alicesw/O2/Steer/DigitizerWorkflow/src/ITSMFTDigitizerSpec.cxx	1
printKeyValues	/Users/miranov25/alicesw/O2/Detectors/AOD/src/AODProducerWorkflowSpec.cxx	2
printKeyValues	/Users/miranov25/alicesw/O2/Steer/DigitizerWorkflow/src/SimpleDigitizerWorkflow.cxx	2
printKeyValues	/Users/miranov25/alicesw/O2/Steer/DigitizerWorkflow/src/TPCDigitizerSpec.cxx	2
printKeyValues	/Users/miranov25/alicesw/O2/Common/Utils/include/CommonUtils/ConfigurableParam.h	1
printKeyValues	/Users/miranov25/alicesw/O2/Detectors/CPV/calib/testWorkflow/NoiseCalibratorSpec.h	1
printKeyValues	/Users/miranov25/alicesw/O2/Detectors/FIT/FT0/calibration/workflow/FT0TimeSpectraProcessor-Workflow.cxx	1
printKeyValues	/Users/miranov25/alicesw/O2/Detectors/Raw/include/DetectorsRaw/HBFUtils.h	1
printKeyValues	/Users/miranov25/alicesw/O2/Steer/DigitizerWorkflow/src/CPVDigitizerSpec.cxx	1
printKeyValues	/Users/miranov25/alicesw/O2/Steer/DigitizerWorkflow/src/ITSMFTDigitizerSpec.cxx	1
putKeyValues	/Users/miranov25/alicesw/O2/Common/Utils/include/CommonUtils/ConfigurableParamHelper.h	2
putKeyValues	/Users/miranov25/alicesw/O2/Common/Utils/include/CommonUtils/ConfigurableParam.h	1
reset	/Users/miranov25/alicesw/O2/Detectors/TPC/reconstruction/include/TPCReconstruction/RawReaderCRU.h	12
reset	/Users/miranov25/alicesw/O2/Detectors/Calibration/include/DetectorsCalibration/IntegratedClusterCalibrator.h	8
reset	/Users/miranov25/alicesw/O2/Detectors/TOF/base/include/TOFBase/EventTimeMaker.h	6
reset	/Users/miranov25/alicesw/O2/Framework/Core/include/Framework/IndexBuilderHelpers.h	6
reset	/Users/miranov25/alicesw/O2/Framework/Utils/include/DPLUtils/RawParser.h	5
reset	/Users/miranov25/alicesw/O2/CCDB/include/CCDB/BasicCCDBManager.h	4
reset	/Users/miranov25/alicesw/O2/Detectors/AOD/src/AODProducerWorkflowSpec.cxx	4
reset	/Users/miranov25/alicesw/O2/Detectors/Base/include/DetectorsBase/CTFCoderBase.h	4
reset	/Users/miranov25/alicesw/O2/Detectors/TPC/baserecsim/include/TPCBaseRecSim/CDBInterface.h	4
reset	/Users/miranov25/alicesw/O2/Detectors/TPC/workflow/include/TPCWorkflow/TPCCalibPadRawSpec.h	4
rotateZ	/Users/miranov25/alicesw/O2/Common/MathUtils/include/MathUtils/detail/trigonometric.h	6
rotateZ	/Users/miranov25/alicesw/O2/DataFormats/Reconstruction/include/ReconstructionDataFormats/TrackParametrization.h	1
rotateZ	/Users/miranov25/alicesw/O2/Common/MathUtils/include/MathUtils/Utils.h	9
rotateZ	/Users/miranov25/alicesw/O2/DataFormats/Reconstruction/include/ReconstructionDataFormats/TrackParametrization.h	3
scale	/Users/miranov25/alicesw/O2/GPU/TPCFastTransformation/TPCFastTransform.h	46
scale	/Users/miranov25/alicesw/O2/Detectors/TPC/spacecharge/include/TPCSpaceCharge/SpaceCharge.h	24
scale	/Users/miranov25/alicesw/O2/Detectors/Base/include/DetectorsBase/MatCell.h	9
scale	/Users/miranov25/alicesw/O2/Detectors/EMCAL/workflow/include/EMCALWorkflow/CalibLoader.h	9
scale	/Users/miranov25/alicesw/O2/Detectors/Upgrades/ALICE3/TRK/simulation/include/TRKSimulation/Digitizer.h	6
scale	/Users/miranov25/alicesw/O2/GPU/TPCFastTransformation/TPCFastTransformGeo.h	6
scale	/Users/miranov25/alicesw/O2/Detectors/EMCAL/calib/include/EMCALCalib/EMCALChannelScaleFactors.h	5
scale	/Users/miranov25/alicesw/O2/Framework/Core/include/Framework/DataDescriptorMatcher.h	5
scale	/Users/miranov25/alicesw/O2/DataFormats/Detectors/PHOS/include/DataFormatsPHOS/MCLabel.h	3
scale	/Users/miranov25/alicesw/O2/Detectors/EMCAL/calib/include/EMCALCalib/CalibDB.h	3
serializeTo	/Users/miranov25/alicesw/O2/Common/Utils/include/CommonUtils/ConfigurableParamHelper.h	2
serializeTo	/Users/miranov25/alicesw/O2/Common/Utils/include/CommonUtils/ConfigurableParam.h	1
size	/Users/miranov25/alicesw/O2/DataFormats/Detectors/Common/include/DetectorsCommonDataFormats/EncodedBlocks.h	65
size	/Users/miranov25/alicesw/O2/Detectors/AOD/src/AODProducerWorkflowSpec.cxx	54
size	/Users/miranov25/alicesw/O2/Framework/Core/include/Framework/ASoA.h	46
size	/Users/miranov25/alicesw/O2/Framework/Utils/include/DPLUtils/RawParser.h	44
size	/Users/miranov25/alicesw/O2/DataFormats/Headers/include/Headers/DataHeader.h	40
size	/Users/miranov25/alicesw/O2/DataFormats/simulation/include/SimulationDataFormat/MCTruthContainer.h	40
size	/Users/miranov25/alicesw/O2/Algorithm/include/Algorithm/Parser.h	36
size	/Users/miranov25/alicesw/O2/Common/MathUtils/include/MathUtils/fit.h	27
size	/Users/miranov25/alicesw/O2/DataFormats/Headers/include/Headers/RAWDataHeader.h	27
size	/Users/miranov25/alicesw/O2/Detectors/Raw/TFReaderDD/src/TFReaderSpec.cxx	26
size	/Users/miranov25/alicesw/O2/Detectors/AOD/src/AODProducerWorkflowSpec.cxx	54
size	/Users/miranov25/alicesw/O2/Framework/Core/include/Framework/ASoA.h	46
size	/Users/miranov25/alicesw/O2/Framework/Utils/include/DPLUtils/RawParser.h	44
size	/Users/miranov25/alicesw/O2/DataFormats/Headers/include/Headers/DataHeader.h	40
size	/Users/miranov25/alicesw/O2/DataFormats/simulation/include/SimulationDataFormat/MCTruthContainer.h	40
size	/Users/miranov25/alicesw/O2/Algorithm/include/Algorithm/Parser.h	36
size	/Users/miranov25/alicesw/O2/Common/MathUtils/include/MathUtils/fit.h	27
size	/Users/miranov25/alicesw/O2/DataFormats/Headers/include/Headers/RAWDataHeader.h	27
size	/Users/miranov25/alicesw/O2/Detectors/Raw/TFReaderDD/src/TFReaderSpec.cxx	26
size	/Users/miranov25/alicesw/O2/Detectors/EMCAL/calibration/include/EMCALCalibration/EMCALCalibExtractor.h	25
start	/Users/miranov25/alicesw/O2/Detectors/AOD/src/AODProducerWorkflowSpec.cxx	27
start	/Users/miranov25/alicesw/O2/Framework/Core/include/Framework/ASoA.h	25
start	/Users/miranov25/alicesw/O2/Detectors/Base/include/DetectorsBase/GeometryManager.h	17
start	/Users/miranov25/alicesw/O2/Detectors/ITSMFT/common/reconstruction/include/ITSMFTReconstruction/DecodingStat.h	13
start	/Users/miranov25/alicesw/O2/Detectors/EMCAL/reconstruction/include/EMCALReconstruction/Bunch.h	12
start	/Users/miranov25/alicesw/O2/Detectors/ITSMFT/ITS/tracking/include/ITStracking/TimeFrame.h	12
start	/Users/miranov25/alicesw/O2/Common/Utils/include/CommonUtils/StringUtils.h	11
start	/Users/miranov25/alicesw/O2/Detectors/Calibration/include/DetectorsCalibration/IntegratedClusterCalibrator.h	9
start	/Users/miranov25/alicesw/O2/Detectors/GlobalTracking/include/GlobalTracking/MatchTPCITS.h	9
start	/Users/miranov25/alicesw/O2/DataFormats/Headers/include/Headers/TimeStamp.h	7
stop	/Users/miranov25/alicesw/O2/DataFormats/Headers/include/Headers/RAWDataHeader.h	19
stop	/Users/miranov25/alicesw/O2/Detectors/ITSMFT/common/reconstruction/include/ITSMFTReconstruction/DecodingStat.h	8
stop	/Users/miranov25/alicesw/O2/Framework/Core/include/Framework/Task.h	6
stop	/Users/miranov25/alicesw/O2/Detectors/FIT/workflow/include/FITWorkflow/FITDataReaderDPLSpec.h	4
stop	/Users/miranov25/alicesw/O2/Detectors/ITSMFT/common/reconstruction/include/ITSMFTReconstruction/GBTLink.h	4
stop	/Users/miranov25/alicesw/O2/Detectors/Raw/include/DetectorsRaw/RawFileReader.h	4
stop	/Users/miranov25/alicesw/O2/CCDB/include/CCDB/BasicCCDBManager.h	3
stop	/Users/miranov25/alicesw/O2/Detectors/Calibration/workflow/CCDBPopulatorSpec.h	3
stop	/Users/miranov25/alicesw/O2/Detectors/ITSMFT/ITS/workflow/include/ITSWorkflow/ThresholdCalibratorSpec.h	3
stop	/Users/miranov25/alicesw/O2/Detectors/Raw/TFReaderDD/src/TFReaderSpec.cxx	3
store	/Users/miranov25/alicesw/O2/Framework/Core/include/Framework/Variant.h	28
store	/Users/miranov25/alicesw/O2/Detectors/AOD/src/AODProducerWorkflowSpec.cxx	18
store	/Users/miranov25/alicesw/O2/Utilities/rANS/include/rANS/internal/common/simdops.h	12
store	/Users/miranov25/alicesw/O2/CCDB/include/CCDB/CcdbApi.h	11
store	/Users/miranov25/alicesw/O2/Utilities/rANS/include/rANS/internal/encode/SIMDEncoderImpl.h	8
store	/Users/miranov25/alicesw/O2/Framework/Utils/include/DPLUtils/RootTreeWriter.h	7
store	/Users/miranov25/alicesw/O2/Common/Utils/include/CommonUtils/NameConf.h	6
store	/Users/miranov25/alicesw/O2/Detectors/TPC/reconstruction/include/TPCReconstruction/RawReaderCRU.h	6
store	/Users/miranov25/alicesw/O2/Framework/Core/include/Framework/ConfigParamStore.h	6
store	/Users/miranov25/alicesw/O2/Detectors/Base/include/DetectorsBase/DPLWorkflowUtils.h	5
string	/Users/miranov25/alicesw/O2/CCDB/include/CCDB/CcdbApi.h	234
string	/Users/miranov25/alicesw/O2/DataFormats/Parameters/src/GRPTool.cxx	71
string	/Users/miranov25/alicesw/O2/Common/SimConfig/include/SimConfig/SimConfig.h	62
string	/Users/miranov25/alicesw/O2/Detectors/EMCAL/calib/include/EMCALCalib/CalibDB.h	56
string	/Users/miranov25/alicesw/O2/GPU/GPUTracking/Definitions/GPUSettingsList.h	51
string	/Users/miranov25/alicesw/O2/Common/Utils/include/CommonUtils/ConfigurableParam.h	50
string	/Users/miranov25/alicesw/O2/DataFormats/Detectors/CTP/include/DataFormatsCTP/Configuration.h	49
string	/Users/miranov25/alicesw/O2/DataFormats/Detectors/FIT/common/include/DataFormatsFIT/LookUpTable.h	42
string	/Users/miranov25/alicesw/O2/Steer/src/CollisionContextTool.cxx	41
string	/Users/miranov25/alicesw/O2/Common/Utils/include/CommonUtils/StringUtils.h	40
syncCCDBandRegistry	/Users/miranov25/alicesw/O2/Common/Utils/include/CommonUtils/ConfigurableParamHelper.h	5
syncCCDBandRegistry	/Users/miranov25/alicesw/O2/CCDB/include/CCDB/CcdbApi.h	2
syncCCDBandRegistry	/Users/miranov25/alicesw/O2/Framework/Core/include/Framework/DataRefUtils.h	1
syncCCDBandRegistry	/Users/miranov25/alicesw/O2/CCDB/include/CCDB/CcdbApi.h	2
syncCCDBandRegistry	/Users/miranov25/alicesw/O2/Common/Utils/include/CommonUtils/ConfigurableParam.h	1
syncCCDBandRegistry	/Users/miranov25/alicesw/O2/Framework/Core/include/Framework/DataRefUtils.h	1
test	/Users/miranov25/alicesw/O2/Detectors/EMCAL/workflow/include/EMCALWorkflow/CalibLoader.h	16
test	/Users/miranov25/alicesw/O2/GPU/GPUbenchmark/Shared/Utils.h	6
test	/Users/miranov25/alicesw/O2/Framework/Core/include/Framework/ASoA.h	5
test	/Users/miranov25/alicesw/O2/Detectors/EMCAL/calib/include/EMCALCalib/FeeDCS.h	4
test	/Users/miranov25/alicesw/O2/GPU/GPUTracking/Definitions/GPUSettingsList.h	4
test	/Users/miranov25/alicesw/O2/CCDB/include/CCDB/CcdbApi.h	3
test	/Users/miranov25/alicesw/O2/DataFormats/Detectors/CPV/include/DataFormatsCPV/BadChannelMap.h	3
test	/Users/miranov25/alicesw/O2/DataFormats/Detectors/PHOS/include/DataFormatsPHOS/BadChannelsMap.h	3
test	/Users/miranov25/alicesw/O2/DataFormats/Detectors/PHOS/include/DataFormatsPHOS/TriggerMap.h	3
test	/Users/miranov25/alicesw/O2/DataFormats/Parameters/include/DataFormatsParameters/GRPECSObject.h	3
to02PiGen	/Users/miranov25/alicesw/O2/Common/MathUtils/include/MathUtils/detail/trigonometric.h	2
to02PiGen	/Users/miranov25/alicesw/O2/Common/MathUtils/include/MathUtils/Utils.h	3
toPMPiGen	/Users/miranov25/alicesw/O2/Common/MathUtils/include/MathUtils/detail/trigonometric.h	2
toPMPiGen	/Users/miranov25/alicesw/O2/Common/MathUtils/include/MathUtils/Utils.h	3
toString	/Users/miranov25/alicesw/O2/Common/Utils/include/CommonUtils/ConfigurableParamHelper.h	1
toString	/Users/miranov25/alicesw/O2/Common/Utils/include/CommonUtils/EnumFlags.h	1
toString	/Users/miranov25/alicesw/O2/Detectors/ITSMFT/ITS/tracking/include/ITStracking/Configuration.h	1
toString	/Users/miranov25/alicesw/O2/Common/Utils/include/CommonUtils/ConfigurableParam.h	3
toString	/Users/miranov25/alicesw/O2/Common/Utils/include/CommonUtils/EnumFlags.h	1
toString	/Users/miranov25/alicesw/O2/Detectors/ITSMFT/ITS/tracking/include/ITStracking/Configuration.h	1
toString	/Users/miranov25/alicesw/O2/Common/Utils/include/CommonUtils/ConfigurableParam.h	3
toString	/Users/miranov25/alicesw/O2/Common/Utils/include/CommonUtils/ConfigurableParamHelper.h	1
toString	/Users/miranov25/alicesw/O2/Detectors/ITSMFT/ITS/tracking/include/ITStracking/Configuration.h	1
truncateFloatFraction	/Users/miranov25/alicesw/O2/Detectors/AOD/src/AODProducerWorkflowSpec.cxx	89
truncateFloatFraction	/Users/miranov25/alicesw/O2/Detectors/AOD/src/AODMcProducerHelpers.cxx	14
truncateFloatFraction	/Users/miranov25/alicesw/O2/DataFormats/Reconstruction/include/ReconstructionDataFormats/TrackParametrization.h	7
truncateFloatFraction	/Users/miranov25/alicesw/O2/Common/MathUtils/include/MathUtils/Utils.h	1
update	/Users/miranov25/alicesw/O2/DataFormats/Reconstruction/include/ReconstructionDataFormats/TrackParametrizationWithError.h	10
update	/Users/miranov25/alicesw/O2/Detectors/TOF/calibration/testWorkflow/TOFChannelCalibratorSpec.h	9
update	/Users/miranov25/alicesw/O2/Detectors/TPC/calibration/include/TPCCalibration/CalibRawBase.h	8
update	/Users/miranov25/alicesw/O2/Detectors/AOD/include/AODProducerWorkflow/AODMcProducerHelpers.h	7
update	/Users/miranov25/alicesw/O2/Common/MathUtils/include/MathUtils/SMatrixGPU.h	6
update	/Users/miranov25/alicesw/O2/DataFormats/Detectors/Common/include/DetectorsCommonDataFormats/EncodedBlocks.h	5
update	/Users/miranov25/alicesw/O2/Detectors/AOD/src/AODProducerWorkflowSpec.cxx	5
update	/Users/miranov25/alicesw/O2/Detectors/TRD/qc/include/TRDQC/Tracking.h	5
update	/Users/miranov25/alicesw/O2/Common/Utils/include/CommonUtils/ConfigurableParamHelper.h	4
update	/Users/miranov25/alicesw/O2/Detectors/AOD/include/AODProducerWorkflow/AODProducerWorkflowSpec.h	4
updateFromString	/Users/miranov25/alicesw/O2/DataFormats/Parameters/src/GRPTool.cxx	1
updateFromString	/Users/miranov25/alicesw/O2/Detectors/AOD/src/aod-producer-workflow.cxx	1
updateFromString	/Users/miranov25/alicesw/O2/Detectors/CPV/workflow/src/cluster-reader-workflow.cxx	1
updateFromString	/Users/miranov25/alicesw/O2/Detectors/CPV/workflow/src/cpv-reco-workflow.cxx	1
updateFromString	/Users/miranov25/alicesw/O2/Detectors/CPV/workflow/src/digit-reader-workflow.cxx	1
updateFromString	/Users/miranov25/alicesw/O2/Detectors/CPV/workflow/src/entropy-encoder-workflow.cxx	1
updateFromString	/Users/miranov25/alicesw/O2/Detectors/CTF/workflow/src/ctf-reader-workflow.cxx	1
updateFromString	/Users/miranov25/alicesw/O2/Detectors/CTF/workflow/src/ctf-writer-workflow.cxx	1
updateFromString	/Users/miranov25/alicesw/O2/Detectors/CTP/workflow/src/entropy-encoder-workflow.cxx	1
updateFromString	/Users/miranov25/alicesw/O2/Detectors/CTP/workflowIO/src/digits-reader-workflow.cxx	1
value	/Users/miranov25/alicesw/O2/Framework/Core/include/Framework/ASoAHelpers.h	103
value	/Users/miranov25/alicesw/O2/Framework/Core/include/Framework/ASoA.h	70
value	/Users/miranov25/alicesw/O2/Framework/Core/include/Framework/InputRecord.h	35
value	/Users/miranov25/alicesw/O2/Detectors/FIT/raw/include/FITRaw/DigitBlockBase.h	29
value	/Users/miranov25/alicesw/O2/Framework/Utils/include/DPLUtils/RootTreeWriter.h	27
value	/Users/miranov25/alicesw/O2/Framework/Core/include/Framework/AnalysisTask.h	25
value	/Users/miranov25/alicesw/O2/Framework/Core/include/Framework/TableBuilder.h	25
value	/Users/miranov25/alicesw/O2/DataFormats/Parameters/src/GRPTool.cxx	24
value	/Users/miranov25/alicesw/O2/Detectors/TRD/simulation/include/TRDSimulation/TrapConfig.h	24
value	/Users/miranov25/alicesw/O2/Steer/src/CollisionContextTool.cxx	22
version	/Users/miranov25/alicesw/O2/Detectors/Raw/include/DetectorsRaw/RDHUtils.h	58
version	/Users/miranov25/alicesw/O2/Framework/Core/include/Framework/AnalysisDataModel.h	42
version	/Users/miranov25/alicesw/O2/DataFormats/Headers/include/Headers/RAWDataHeader.h	27
version	/Users/miranov25/alicesw/O2/Framework/Utils/include/DPLUtils/RawParser.h	19
version	/Users/miranov25/alicesw/O2/DataFormats/Detectors/EMCAL/include/DataFormatsEMCAL/Cell.h	13
version	/Users/miranov25/alicesw/O2/DataFormats/Headers/include/Headers/DataHeader.h	12
version	/Users/miranov25/alicesw/O2/Framework/Core/include/Framework/ASoA.h	10
version	/Users/miranov25/alicesw/O2/Framework/Core/include/Framework/AnalysisHelpers.h	8
version	/Users/miranov25/alicesw/O2/Detectors/Base/include/DetectorsBase/CTFCoderBase.h	6
version	/Users/miranov25/alicesw/O2/DataFormats/Headers/include/Headers/RDHAny.h	5
writeIncompressible	/Users/miranov25/alicesw/O2/DataFormats/Detectors/Common/include/DetectorsCommonDataFormats/EncodedBlocks.h	2
writeIncompressible	/Users/miranov25/alicesw/O2/DataFormats/Detectors/Common/include/DetectorsCommonDataFormats/internal/InplaceEntropyCoder.h	2
writeIncompressible	/Users/miranov25/alicesw/O2/DataFormats/Detectors/Common/include/DetectorsCommonDataFormats/EncodedBlocks.h	2
writeIncompressible	/Users/miranov25/alicesw/O2/DataFormats/Detectors/Common/include/DetectorsCommonDataFormats/internal/ExternalEntropyCoder.h	2
